u16_id_lr_mask,count,modality,modality_color,brain,n316_acronym,n70_acronym,n8_acronym,n316_acronym_lr,n70_acronym_lr,n8_acronym_lr
1914,2623,LSFM-Wu,blue,WHOLE_mouse_Brain_AZ10_SR3B_6_A_647,SPVO,MY-sen,HB,SPVO_r,MY-sen_r,HB_r
1976,9,LSFM-Wu,blue,WHOLE_mouse_Brain_AZ10_SR3B_6_A_647,MDRNv,MDRN,HB,MDRNv_r,MDRN_r,HB_r
1960,14145,LSFM-Wu,blue,WHOLE_mouse_Brain_AZ10_SR3B_6_A_647,ISN,MY-mot,HB,ISN_r,MY-mot_r,HB_r
1874,188318,LSFM-Wu,blue,WHOLE_mouse_Brain_AZ10_SR3B_6_A_647,0,MY-sen,HB,0_r,MY-sen_r,HB_r
1912,7,LSFM-Wu,blue,WHOLE_mouse_Brain_AZ10_SR3B_6_A_647,SPVI,MY-sen,HB,SPVI_r,MY-sen_r,HB_r
1978,940,LSFM-Wu,blue,WHOLE_mouse_Brain_AZ10_SR3B_6_A_647,PARN,MY-mot,HB,PARN_r,MY-mot_r,HB_r
1968,2492,LSFM-Wu,blue,WHOLE_mouse_Brain_AZ10_SR3B_6_A_647,LRN,MY-mot,HB,LRN_r,MY-mot_r,HB_r
1958,4815,LSFM-Wu,blue,WHOLE_mouse_Brain_AZ10_SR3B_6_A_647,IRN,MY-mot,HB,IRN_r,MY-mot_r,HB_r
2164,1654,LSFM-Wu,blue,WHOLE_mouse_Brain_AZ10_SR3B_6_A_647,PRM,HEM,CB,PRM_r,HEM_r,CB_r
2112,394,LSFM-Wu,blue,WHOLE_mouse_Brain_AZ10_SR3B_6_A_647,PYR,VERM,CB,PYR_r,VERM_r,CB_r
2172,7220,LSFM-Wu,blue,WHOLE_mouse_Brain_AZ10_SR3B_6_A_647,COPY,HEM,CB,COPY_r,HEM_r,CB_r
2171,30238,LSFM-Wu,blue,WHOLE_mouse_Brain_AZ10_SR3B_6_A_647,COPY,HEM,CB,COPY_l,HEM_l,CB_l
1967,67537,LSFM-Wu,blue,WHOLE_mouse_Brain_AZ10_SR3B_6_A_647,LRN,MY-mot,HB,LRN_l,MY-mot_l,HB_l
1873,282920,LSFM-Wu,blue,WHOLE_mouse_Brain_AZ10_SR3B_6_A_647,0,MY-sen,HB,0_l,MY-sen_l,HB_l
1911,3775,LSFM-Wu,blue,WHOLE_mouse_Brain_AZ10_SR3B_6_A_647,SPVI,MY-sen,HB,SPVI_l,MY-sen_l,HB_l
1979,166817,LSFM-Wu,blue,WHOLE_mouse_Brain_AZ10_SR3B_6_A_647,PAS,MY-mot,HB,PAS_l,MY-mot_l,HB_l
1975,18378,LSFM-Wu,blue,WHOLE_mouse_Brain_AZ10_SR3B_6_A_647,MDRNv,MDRN,HB,MDRNv_l,MDRN_l,HB_l
1913,87886,LSFM-Wu,blue,WHOLE_mouse_Brain_AZ10_SR3B_6_A_647,SPVO,MY-sen,HB,SPVO_l,MY-sen_l,HB_l
1959,125271,LSFM-Wu,blue,WHOLE_mouse_Brain_AZ10_SR3B_6_A_647,ISN,MY-mot,HB,ISN_l,MY-mot_l,HB_l
2163,12640,LSFM-Wu,blue,WHOLE_mouse_Brain_AZ10_SR3B_6_A_647,PRM,HEM,CB,PRM_l,HEM_l,CB_l
2120,398,LSFM-Wu,blue,WHOLE_mouse_Brain_AZ10_SR3B_6_A_647,UVU,VERM,CB,UVU_r,VERM_r,CB_r
2018,558,LSFM-Wu,blue,WHOLE_mouse_Brain_AZ10_SR3B_6_A_647,y,MY-mot,HB,y_r,MY-mot_r,HB_r
2028,19445,LSFM-Wu,blue,WHOLE_mouse_Brain_AZ10_SR3B_6_A_647,RO,MY-sat,HB,RO_r,MY-sat_r,HB_r
1892,7,LSFM-Wu,blue,WHOLE_mouse_Brain_AZ10_SR3B_6_A_647,GR,DCN,HB,GR_r,DCN_r,HB_r
2095,8940,LSFM-Wu,blue,WHOLE_mouse_Brain_AZ10_SR3B_6_A_647,DEC,VERM,CB,DEC_l,VERM_l,CB_l
1977,356955,LSFM-Wu,blue,WHOLE_mouse_Brain_AZ10_SR3B_6_A_647,PARN,MY-mot,HB,PARN_l,MY-mot_l,HB_l
2111,419,LSFM-Wu,blue,WHOLE_mouse_Brain_AZ10_SR3B_6_A_647,PYR,VERM,CB,PYR_l,VERM_l,CB_l
1957,86492,LSFM-Wu,blue,WHOLE_mouse_Brain_AZ10_SR3B_6_A_647,IRN,MY-mot,HB,IRN_l,MY-mot_l,HB_l
1953,98914,LSFM-Wu,blue,WHOLE_mouse_Brain_AZ10_SR3B_6_A_647,ICB,MY-mot,HB,ICB_l,MY-mot_l,HB_l
2119,273,LSFM-Wu,blue,WHOLE_mouse_Brain_AZ10_SR3B_6_A_647,UVU,VERM,CB,UVU_l,VERM_l,CB_l
1891,3,LSFM-Wu,blue,WHOLE_mouse_Brain_AZ10_SR3B_6_A_647,GR,DCN,HB,GR_l,DCN_l,HB_l
1947,674,LSFM-Wu,blue,WHOLE_mouse_Brain_AZ10_SR3B_6_A_647,DMX,MY-mot,HB,DMX_l,MY-mot_l,HB_l
2017,3774,LSFM-Wu,blue,WHOLE_mouse_Brain_AZ10_SR3B_6_A_647,y,MY-mot,HB,y_l,MY-mot_l,HB_l
1993,2430,LSFM-Wu,blue,WHOLE_mouse_Brain_AZ10_SR3B_6_A_647,PRP,PHY,HB,PRP_l,PHY_l,HB_l
2027,18865,LSFM-Wu,blue,WHOLE_mouse_Brain_AZ10_SR3B_6_A_647,RO,MY-sat,HB,RO_l,MY-sat_l,HB_l
2103,12,LSFM-Wu,blue,WHOLE_mouse_Brain_AZ10_SR3B_6_A_647,FOTU,VERM,CB,FOTU_l,VERM_l,CB_l
1900,6031,LSFM-Wu,blue,WHOLE_mouse_Brain_AZ10_SR3B_6_A_647,NTS,MY-sen,HB,NTS_r,MY-sen_r,HB_r
1980,16271,LSFM-Wu,blue,WHOLE_mouse_Brain_AZ10_SR3B_6_A_647,PAS,MY-mot,HB,PAS_r,MY-mot_r,HB_r
2012,676,LSFM-Wu,blue,WHOLE_mouse_Brain_AZ10_SR3B_6_A_647,SUV,VNC,HB,SUV_r,VNC_r,HB_r
2010,6945,LSFM-Wu,blue,WHOLE_mouse_Brain_AZ10_SR3B_6_A_647,SPIV,VNC,HB,SPIV_r,VNC_r,HB_r
1954,10082,LSFM-Wu,blue,WHOLE_mouse_Brain_AZ10_SR3B_6_A_647,ICB,MY-mot,HB,ICB_r,MY-mot_r,HB_r
1988,3231,LSFM-Wu,blue,WHOLE_mouse_Brain_AZ10_SR3B_6_A_647,0,PHY,HB,0_r,PHY_r,HB_r
2000,818,LSFM-Wu,blue,WHOLE_mouse_Brain_AZ10_SR3B_6_A_647,PPY,MY-mot,HB,PPY_r,MY-mot_r,HB_r
2088,11238,LSFM-Wu,blue,WHOLE_mouse_Brain_AZ10_SR3B_6_A_647,CUL,VERM,CB,CUL_r,VERM_r,CB_r
2096,1829,LSFM-Wu,blue,WHOLE_mouse_Brain_AZ10_SR3B_6_A_647,DEC,VERM,CB,DEC_r,VERM_r,CB_r
2155,18502,LSFM-Wu,blue,WHOLE_mouse_Brain_AZ10_SR3B_6_A_647,AN,HEM,CB,AN_l,HEM_l,CB_l
1972,1993,LSFM-Wu,blue,WHOLE_mouse_Brain_AZ10_SR3B_6_A_647,MDRN,MDRN,HB,MDRN_r,MDRN_r,HB_r
1996,111,LSFM-Wu,blue,WHOLE_mouse_Brain_AZ10_SR3B_6_A_647,0,MY-mot,HB,0_r,MY-mot_r,HB_r
1946,387,LSFM-Wu,blue,WHOLE_mouse_Brain_AZ10_SR3B_6_A_647,AMB,MY-mot,HB,AMB_r,MY-mot_r,HB_r
1938,2940,LSFM-Wu,blue,WHOLE_mouse_Brain_AZ10_SR3B_6_A_647,ACVII,MY-mot,HB,ACVII_r,MY-mot_r,HB_r
2138,4546,LSFM-Wu,blue,WHOLE_mouse_Brain_AZ10_SR3B_6_A_647,SIM,HEM,CB,SIM_r,HEM_r,CB_r
2128,598,LSFM-Wu,blue,WHOLE_mouse_Brain_AZ10_SR3B_6_A_647,NOD,VERM,CB,NOD_r,VERM_r,CB_r
2200,97,LSFM-Wu,blue,WHOLE_mouse_Brain_AZ10_SR3B_6_A_647,DN,CBN,CB,DN_r,CBN_r,CB_r
1916,1932,LSFM-Wu,blue,WHOLE_mouse_Brain_AZ10_SR3B_6_A_647,SPVO,MY-sen,HB,SPVO_r,MY-sen_r,HB_r
1962,186,LSFM-Wu,blue,WHOLE_mouse_Brain_AZ10_SR3B_6_A_647,LIN,MY-mot,HB,LIN_r,MY-mot_r,HB_r
1885,7070,LSFM-Wu,blue,WHOLE_mouse_Brain_AZ10_SR3B_6_A_647,VCO,CN,HB,VCO_l,CN_l,HB_l
2015,1986,LSFM-Wu,blue,WHOLE_mouse_Brain_AZ10_SR3B_6_A_647,XII,MY-mot,HB,XII_l,MY-mot_l,HB_l
2011,10274,LSFM-Wu,blue,WHOLE_mouse_Brain_AZ10_SR3B_6_A_647,SUV,VNC,HB,SUV_l,VNC_l,HB_l
2199,41376,LSFM-Wu,blue,WHOLE_mouse_Brain_AZ10_SR3B_6_A_647,DN,CBN,CB,DN_l,CBN_l,CB_l
2137,11306,LSFM-Wu,blue,WHOLE_mouse_Brain_AZ10_SR3B_6_A_647,SIM,HEM,CB,SIM_l,HEM_l,CB_l
2147,10111,LSFM-Wu,blue,WHOLE_mouse_Brain_AZ10_SR3B_6_A_647,AN,HEM,CB,AN_l,HEM_l,CB_l
1915,37767,LSFM-Wu,blue,WHOLE_mouse_Brain_AZ10_SR3B_6_A_647,SPVO,MY-sen,HB,SPVO_l,MY-sen_l,HB_l
2087,39013,LSFM-Wu,blue,WHOLE_mouse_Brain_AZ10_SR3B_6_A_647,CUL,VERM,CB,CUL_l,VERM_l,CB_l
1987,12421,LSFM-Wu,blue,WHOLE_mouse_Brain_AZ10_SR3B_6_A_647,0,PHY,HB,0_l,PHY_l,HB_l
1971,5266,LSFM-Wu,blue,WHOLE_mouse_Brain_AZ10_SR3B_6_A_647,MDRN,MDRN,HB,MDRN_l,MDRN_l,HB_l
1985,322,LSFM-Wu,blue,WHOLE_mouse_Brain_AZ10_SR3B_6_A_647,PGRNl,PGRN,HB,PGRNl_l,PGRN_l,HB_l
2009,17062,LSFM-Wu,blue,WHOLE_mouse_Brain_AZ10_SR3B_6_A_647,SPIV,VNC,HB,SPIV_l,VNC_l,HB_l
1995,423,LSFM-Wu,blue,WHOLE_mouse_Brain_AZ10_SR3B_6_A_647,0,MY-mot,HB,0_l,MY-mot_l,HB_l
1899,9609,LSFM-Wu,blue,WHOLE_mouse_Brain_AZ10_SR3B_6_A_647,NTS,MY-sen,HB,NTS_l,MY-sen_l,HB_l
2061,136352,LSFM-Wu,blue,WHOLE_mouse_Brain_AZ10_SR3B_6_A_647,CENT,VERM,CB,CENT_l,VERM_l,CB_l
2156,2288,LSFM-Wu,blue,WHOLE_mouse_Brain_AZ10_SR3B_6_A_647,AN,HEM,CB,AN_r,HEM_r,CB_r
2025,3492,LSFM-Wu,blue,WHOLE_mouse_Brain_AZ10_SR3B_6_A_647,RPA,MY-sat,HB,RPA_l,MY-sat_l,HB_l
2026,2189,LSFM-Wu,blue,WHOLE_mouse_Brain_AZ10_SR3B_6_A_647,RPA,MY-sat,HB,RPA_r,MY-sat_r,HB_r
2127,1146,LSFM-Wu,blue,WHOLE_mouse_Brain_AZ10_SR3B_6_A_647,NOD,VERM,CB,NOD_l,VERM_l,CB_l
1961,826,LSFM-Wu,blue,WHOLE_mouse_Brain_AZ10_SR3B_6_A_647,LIN,MY-mot,HB,LIN_l,MY-mot_l,HB_l
1945,89,LSFM-Wu,blue,WHOLE_mouse_Brain_AZ10_SR3B_6_A_647,AMB,MY-mot,HB,AMB_l,MY-mot_l,HB_l
1937,33183,LSFM-Wu,blue,WHOLE_mouse_Brain_AZ10_SR3B_6_A_647,ACVII,MY-mot,HB,ACVII_l,MY-mot_l,HB_l
2179,7230,LSFM-Wu,blue,WHOLE_mouse_Brain_AZ10_SR3B_6_A_647,PFL,HEM,CB,PFL_l,HEM_l,CB_l
2180,2448,LSFM-Wu,blue,WHOLE_mouse_Brain_AZ10_SR3B_6_A_647,PFL,HEM,CB,PFL_r,HEM_r,CB_r
2148,4916,LSFM-Wu,blue,WHOLE_mouse_Brain_AZ10_SR3B_6_A_647,AN,HEM,CB,AN_r,HEM_r,CB_r
1886,1849,LSFM-Wu,blue,WHOLE_mouse_Brain_AZ10_SR3B_6_A_647,VCO,CN,HB,VCO_r,CN_r,HB_r
1887,13346,LSFM-Wu,blue,WHOLE_mouse_Brain_AZ10_SR3B_6_A_647,0,DCN,HB,0_l,DCN_l,HB_l
1149,128224,LSFM-Wu,blue,WHOLE_mouse_Brain_AZ10_SR3B_6_A_647,0,STRv,CNU,0_l,STRv_l,CNU_l
45,83260,LSFM-Wu,blue,WHOLE_mouse_Brain_AZ10_SR3B_6_A_647,MOp,MO,CTX,MOp_l,MO_l,CTX_l
835,13116,LSFM-Wu,blue,WHOLE_mouse_Brain_AZ10_SR3B_6_A_647,PIR,OLF,CTX,PIR_l,OLF_l,CTX_l
1157,8931,LSFM-Wu,blue,WHOLE_mouse_Brain_AZ10_SR3B_6_A_647,OT,STRv,CNU,OT_l,STRv_l,CNU_l
593,651,LSFM-Wu,blue,WHOLE_mouse_Brain_AZ10_SR3B_6_A_647,AIv,AI,CTX,AIv_l,AI_l,CTX_l
1113,161,LSFM-Wu,blue,WHOLE_mouse_Brain_AZ10_SR3B_6_A_647,0,CTXsp,CTX,0_l,CTXsp_l,CTX_l
1121,924,LSFM-Wu,blue,WHOLE_mouse_Brain_AZ10_SR3B_6_A_647,EPv,EP,CTX,EPv_l,EP_l,CTX_l
1117,5002,LSFM-Wu,blue,WHOLE_mouse_Brain_AZ10_SR3B_6_A_647,0,EP,CTX,0_l,EP_l,CTX_l
1145,2564,LSFM-Wu,blue,WHOLE_mouse_Brain_AZ10_SR3B_6_A_647,0,STRd,CNU,0_l,STRd_l,CNU_l
761,21458,LSFM-Wu,blue,WHOLE_mouse_Brain_AZ10_SR3B_6_A_647,MOB,OLF,CTX,MOB_l,OLF_l,CTX_l
206,31207,LSFM-Wu,blue,WHOLE_mouse_Brain_AZ10_SR3B_6_A_647,SSs,SS,CTX,SSs_r,SS_r,CTX_r
208,22287,LSFM-Wu,blue,WHOLE_mouse_Brain_AZ10_SR3B_6_A_647,SSs,SS,CTX,SSs_r,SS_r,CTX_r
220,27703,LSFM-Wu,blue,WHOLE_mouse_Brain_AZ10_SR3B_6_A_647,GU,Isocortex,CTX,GU_r,Isocortex_r,CTX_r
234,10340,LSFM-Wu,blue,WHOLE_mouse_Brain_AZ10_SR3B_6_A_647,VISC,Isocortex,CTX,VISC_r,Isocortex_r,CTX_r
222,56635,LSFM-Wu,blue,WHOLE_mouse_Brain_AZ10_SR3B_6_A_647,GU,Isocortex,CTX,GU_r,Isocortex_r,CTX_r
564,26771,LSFM-Wu,blue,WHOLE_mouse_Brain_AZ10_SR3B_6_A_647,AId,AI,CTX,AId_r,AI_r,CTX_r
576,24825,LSFM-Wu,blue,WHOLE_mouse_Brain_AZ10_SR3B_6_A_647,AIp,AI,CTX,AIp_r,AI_r,CTX_r
1239,112,LSFM-Wu,blue,WHOLE_mouse_Brain_AZ10_SR3B_6_A_647,TRS,PALm,CNU,TRS_l,PALm_l,CNU_l
1240,6273,LSFM-Wu,blue,WHOLE_mouse_Brain_AZ10_SR3B_6_A_647,TRS,PALm,CNU,TRS_r,PALm_r,CNU_r
458,209702,LSFM-Wu,blue,WHOLE_mouse_Brain_AZ10_SR3B_6_A_647,ACAd,ACA,CTX,ACAd_r,ACA_r,CTX_r
460,105171,LSFM-Wu,blue,WHOLE_mouse_Brain_AZ10_SR3B_6_A_647,ACAd,ACA,CTX,ACAd_r,ACA_r,CTX_r
470,108556,LSFM-Wu,blue,WHOLE_mouse_Brain_AZ10_SR3B_6_A_647,ACAv,ACA,CTX,ACAv_r,ACA_r,CTX_r
472,67459,LSFM-Wu,blue,WHOLE_mouse_Brain_AZ10_SR3B_6_A_647,ACAv,ACA,CTX,ACAv_r,ACA_r,CTX_r
54,361310,LSFM-Wu,blue,WHOLE_mouse_Brain_AZ10_SR3B_6_A_647,MOs,MO,CTX,MOs_r,MO_r,CTX_r
56,304450,LSFM-Wu,blue,WHOLE_mouse_Brain_AZ10_SR3B_6_A_647,MOs,MO,CTX,MOs_r,MO_r,CTX_r
1480,8472,LSFM-Wu,blue,WHOLE_mouse_Brain_AZ10_SR3B_6_A_647,DMH,PVR,HY,DMH_r,PVR_r,HY_r
1479,3598,LSFM-Wu,blue,WHOLE_mouse_Brain_AZ10_SR3B_6_A_647,DMH,PVR,HY,DMH_l,PVR_l,HY_l
1180,991,LSFM-Wu,blue,WHOLE_mouse_Brain_AZ10_SR3B_6_A_647,LSv,LS,CNU,LSv_r,LS_r,CNU_r
1179,100,LSFM-Wu,blue,WHOLE_mouse_Brain_AZ10_SR3B_6_A_647,LSv,LS,CNU,LSv_l,LS_l,CNU_l
986,257,LSFM-Wu,blue,WHOLE_mouse_Brain_AZ10_SR3B_6_A_647,0,RHP,CTX,0_r,RHP_r,CTX_r
1237,1263,LSFM-Wu,blue,WHOLE_mouse_Brain_AZ10_SR3B_6_A_647,NDB,MSC,CNU,NDB_l,MSC_l,CNU_l
1238,908,LSFM-Wu,blue,WHOLE_mouse_Brain_AZ10_SR3B_6_A_647,NDB,MSC,CNU,NDB_r,MSC_r,CNU_r
219,5003,LSFM-Wu,blue,WHOLE_mouse_Brain_AZ10_SR3B_6_A_647,GU,Isocortex,CTX,GU_l,Isocortex_l,CTX_l
589,2042,LSFM-Wu,blue,WHOLE_mouse_Brain_AZ10_SR3B_6_A_647,AIv,AI,CTX,AIv_l,AI_l,CTX_l
587,1560,LSFM-Wu,blue,WHOLE_mouse_Brain_AZ10_SR3B_6_A_647,AIv,AI,CTX,AIv_l,AI_l,CTX_l
223,4242,LSFM-Wu,blue,WHOLE_mouse_Brain_AZ10_SR3B_6_A_647,GU,Isocortex,CTX,GU_l,Isocortex_l,CTX_l
221,4884,LSFM-Wu,blue,WHOLE_mouse_Brain_AZ10_SR3B_6_A_647,GU,Isocortex,CTX,GU_l,Isocortex_l,CTX_l
225,35028,LSFM-Wu,blue,WHOLE_mouse_Brain_AZ10_SR3B_6_A_647,GU,Isocortex,CTX,GU_l,Isocortex_l,CTX_l
158,5377,LSFM-Wu,blue,WHOLE_mouse_Brain_AZ10_SR3B_6_A_647,SSp-m,SSp,CTX,SSp-m_r,SSp_r,CTX_r
1150,2033180,LSFM-Wu,blue,WHOLE_mouse_Brain_AZ10_SR3B_6_A_647,0,STRv,CNU,0_r,STRv_r,CNU_r
160,1248,LSFM-Wu,blue,WHOLE_mouse_Brain_AZ10_SR3B_6_A_647,SSp-ul,SSp,CTX,SSp-ul_r,SSp_r,CTX_r
164,62426,LSFM-Wu,blue,WHOLE_mouse_Brain_AZ10_SR3B_6_A_647,SSp-ul,SSp,CTX,SSp-ul_r,SSp_r,CTX_r
166,67818,LSFM-Wu,blue,WHOLE_mouse_Brain_AZ10_SR3B_6_A_647,SSp-ul,SSp,CTX,SSp-ul_r,SSp_r,CTX_r
1122,15195,LSFM-Wu,blue,WHOLE_mouse_Brain_AZ10_SR3B_6_A_647,EPv,EP,CTX,EPv_r,EP_r,CTX_r
762,68717,LSFM-Wu,blue,WHOLE_mouse_Brain_AZ10_SR3B_6_A_647,MOB,OLF,CTX,MOB_r,OLF_r,CTX_r
1146,41801,LSFM-Wu,blue,WHOLE_mouse_Brain_AZ10_SR3B_6_A_647,0,STRd,CNU,0_r,STRd_r,CNU_r
836,14804,LSFM-Wu,blue,WHOLE_mouse_Brain_AZ10_SR3B_6_A_647,PIR,OLF,CTX,PIR_r,OLF_r,CTX_r
1158,17335,LSFM-Wu,blue,WHOLE_mouse_Brain_AZ10_SR3B_6_A_647,OT,STRv,CNU,OT_r,STRv_r,CNU_r
168,47136,LSFM-Wu,blue,WHOLE_mouse_Brain_AZ10_SR3B_6_A_647,SSp-ul,SSp,CTX,SSp-ul_r,SSp_r,CTX_r
156,33928,LSFM-Wu,blue,WHOLE_mouse_Brain_AZ10_SR3B_6_A_647,SSp-m,SSp,CTX,SSp-m_r,SSp_r,CTX_r
170,192276,LSFM-Wu,blue,WHOLE_mouse_Brain_AZ10_SR3B_6_A_647,SSp-ul,SSp,CTX,SSp-ul_r,SSp_r,CTX_r
172,59173,LSFM-Wu,blue,WHOLE_mouse_Brain_AZ10_SR3B_6_A_647,SSp-ul,SSp,CTX,SSp-ul_r,SSp_r,CTX_r
1153,1629,LSFM-Wu,blue,WHOLE_mouse_Brain_AZ10_SR3B_6_A_647,FS,STRv,CNU,FS_l,STRv_l,CNU_l
59,3661,LSFM-Wu,blue,WHOLE_mouse_Brain_AZ10_SR3B_6_A_647,MOs,MO,CTX,MOs_l,MO_l,CTX_l
463,12694,LSFM-Wu,blue,WHOLE_mouse_Brain_AZ10_SR3B_6_A_647,ACAd,ACA,CTX,ACAd_l,ACA_l,CTX_l
465,55,LSFM-Wu,blue,WHOLE_mouse_Brain_AZ10_SR3B_6_A_647,ACAv,ACA,CTX,ACAv_l,ACA_l,CTX_l
475,278,LSFM-Wu,blue,WHOLE_mouse_Brain_AZ10_SR3B_6_A_647,ACAv,ACA,CTX,ACAv_l,ACA_l,CTX_l
1229,1943,LSFM-Wu,blue,WHOLE_mouse_Brain_AZ10_SR3B_6_A_647,MA,PALv,CNU,MA_l,PALv_l,CNU_l
53,23864,LSFM-Wu,blue,WHOLE_mouse_Brain_AZ10_SR3B_6_A_647,MOs,MO,CTX,MOs_l,MO_l,CTX_l
55,14731,LSFM-Wu,blue,WHOLE_mouse_Brain_AZ10_SR3B_6_A_647,MOs,MO,CTX,MOs_l,MO_l,CTX_l
57,31123,LSFM-Wu,blue,WHOLE_mouse_Brain_AZ10_SR3B_6_A_647,MOs,MO,CTX,MOs_l,MO_l,CTX_l
41,17520,LSFM-Wu,blue,WHOLE_mouse_Brain_AZ10_SR3B_6_A_647,MOp,MO,CTX,MOp_l,MO_l,CTX_l
43,27086,LSFM-Wu,blue,WHOLE_mouse_Brain_AZ10_SR3B_6_A_647,MOp,MO,CTX,MOp_l,MO_l,CTX_l
47,54675,LSFM-Wu,blue,WHOLE_mouse_Brain_AZ10_SR3B_6_A_647,MOp,MO,CTX,MOp_l,MO_l,CTX_l
49,1099,LSFM-Wu,blue,WHOLE_mouse_Brain_AZ10_SR3B_6_A_647,MOs,MO,CTX,MOs_l,MO_l,CTX_l
1154,50345,LSFM-Wu,blue,WHOLE_mouse_Brain_AZ10_SR3B_6_A_647,FS,STRv,CNU,FS_r,STRv_r,CNU_r
1230,35776,LSFM-Wu,blue,WHOLE_mouse_Brain_AZ10_SR3B_6_A_647,MA,PALv,CNU,MA_r,PALv_r,CNU_r
42,305592,LSFM-Wu,blue,WHOLE_mouse_Brain_AZ10_SR3B_6_A_647,MOp,MO,CTX,MOp_r,MO_r,CTX_r
44,377599,LSFM-Wu,blue,WHOLE_mouse_Brain_AZ10_SR3B_6_A_647,MOp,MO,CTX,MOp_r,MO_r,CTX_r
48,522309,LSFM-Wu,blue,WHOLE_mouse_Brain_AZ10_SR3B_6_A_647,MOp,MO,CTX,MOp_r,MO_r,CTX_r
50,26213,LSFM-Wu,blue,WHOLE_mouse_Brain_AZ10_SR3B_6_A_647,MOs,MO,CTX,MOs_r,MO_r,CTX_r
46,906522,LSFM-Wu,blue,WHOLE_mouse_Brain_AZ10_SR3B_6_A_647,MOp,MO,CTX,MOp_r,MO_r,CTX_r
1434,99593,LSFM-Wu,blue,WHOLE_mouse_Brain_AZ10_SR3B_6_A_647,0,PVZ,HY,0_r,PVZ_r,HY_r
474,381217,LSFM-Wu,blue,WHOLE_mouse_Brain_AZ10_SR3B_6_A_647,ACAv,ACA,CTX,ACAv_r,ACA_r,CTX_r
476,57296,LSFM-Wu,blue,WHOLE_mouse_Brain_AZ10_SR3B_6_A_647,ACAv,ACA,CTX,ACAv_r,ACA_r,CTX_r
478,3744,LSFM-Wu,blue,WHOLE_mouse_Brain_AZ10_SR3B_6_A_647,PL,Isocortex,CTX,PL_r,Isocortex_r,CTX_r
58,1463488,LSFM-Wu,blue,WHOLE_mouse_Brain_AZ10_SR3B_6_A_647,MOs,MO,CTX,MOs_r,MO_r,CTX_r
462,918948,LSFM-Wu,blue,WHOLE_mouse_Brain_AZ10_SR3B_6_A_647,ACAd,ACA,CTX,ACAd_r,ACA_r,CTX_r
60,693785,LSFM-Wu,blue,WHOLE_mouse_Brain_AZ10_SR3B_6_A_647,MOs,MO,CTX,MOs_r,MO_r,CTX_r
464,324188,LSFM-Wu,blue,WHOLE_mouse_Brain_AZ10_SR3B_6_A_647,ACAd,ACA,CTX,ACAd_r,ACA_r,CTX_r
1594,7085,LSFM-Wu,blue,WHOLE_mouse_Brain_AZ10_SR3B_6_A_647,PST,LZ,HY,PST_r,LZ_r,HY_r
1220,237957,LSFM-Wu,blue,WHOLE_mouse_Brain_AZ10_SR3B_6_A_647,0,PALd,CNU,0_r,PALd_r,CNU_r
1182,82,LSFM-Wu,blue,WHOLE_mouse_Brain_AZ10_SR3B_6_A_647,SF,LSX,CNU,SF_r,LSX_r,CNU_r
62,7385,LSFM-Wu,blue,WHOLE_mouse_Brain_AZ10_SR3B_6_A_647,0,SS,CTX,0_r,SS_r,CTX_r
466,4457,LSFM-Wu,blue,WHOLE_mouse_Brain_AZ10_SR3B_6_A_647,ACAv,ACA,CTX,ACAv_r,ACA_r,CTX_r
569,2802,LSFM-Wu,blue,WHOLE_mouse_Brain_AZ10_SR3B_6_A_647,AId,AI,CTX,AId_l,AI_l,CTX_l
591,1643,LSFM-Wu,blue,WHOLE_mouse_Brain_AZ10_SR3B_6_A_647,AIv,AI,CTX,AIv_l,AI_l,CTX_l
157,38,LSFM-Wu,blue,WHOLE_mouse_Brain_AZ10_SR3B_6_A_647,SSp-m,SSp,CTX,SSp-m_l,SSp_l,CTX_l
227,3139,LSFM-Wu,blue,WHOLE_mouse_Brain_AZ10_SR3B_6_A_647,GU,Isocortex,CTX,GU_l,Isocortex_l,CTX_l
229,379,LSFM-Wu,blue,WHOLE_mouse_Brain_AZ10_SR3B_6_A_647,VISC,Isocortex,CTX,VISC_l,Isocortex_l,CTX_l
136,67459,LSFM-Wu,blue,WHOLE_mouse_Brain_AZ10_SR3B_6_A_647,SSp-ll,SSp,CTX,SSp-ll_r,SSp_r,CTX_r
138,46438,LSFM-Wu,blue,WHOLE_mouse_Brain_AZ10_SR3B_6_A_647,SSp-ll,SSp,CTX,SSp-ll_r,SSp_r,CTX_r
152,29962,LSFM-Wu,blue,WHOLE_mouse_Brain_AZ10_SR3B_6_A_647,SSp-m,SSp,CTX,SSp-m_r,SSp_r,CTX_r
210,15986,LSFM-Wu,blue,WHOLE_mouse_Brain_AZ10_SR3B_6_A_647,SSs,SS,CTX,SSs_r,SS_r,CTX_r
212,119131,LSFM-Wu,blue,WHOLE_mouse_Brain_AZ10_SR3B_6_A_647,SSs,SS,CTX,SSs_r,SS_r,CTX_r
226,216149,LSFM-Wu,blue,WHOLE_mouse_Brain_AZ10_SR3B_6_A_647,GU,Isocortex,CTX,GU_r,Isocortex_r,CTX_r
224,34089,LSFM-Wu,blue,WHOLE_mouse_Brain_AZ10_SR3B_6_A_647,GU,Isocortex,CTX,GU_r,Isocortex_r,CTX_r
566,72168,LSFM-Wu,blue,WHOLE_mouse_Brain_AZ10_SR3B_6_A_647,AId,AI,CTX,AId_r,AI_r,CTX_r
568,234836,LSFM-Wu,blue,WHOLE_mouse_Brain_AZ10_SR3B_6_A_647,AId,AI,CTX,AId_r,AI_r,CTX_r
578,39140,LSFM-Wu,blue,WHOLE_mouse_Brain_AZ10_SR3B_6_A_647,AIp,AI,CTX,AIp_r,AI_r,CTX_r
150,20691,LSFM-Wu,blue,WHOLE_mouse_Brain_AZ10_SR3B_6_A_647,SSp-m,SSp,CTX,SSp-m_r,SSp_r,CTX_r
590,14730,LSFM-Wu,blue,WHOLE_mouse_Brain_AZ10_SR3B_6_A_647,AIv,AI,CTX,AIv_r,AI_r,CTX_r
588,14611,LSFM-Wu,blue,WHOLE_mouse_Brain_AZ10_SR3B_6_A_647,AIv,AI,CTX,AIv_r,AI_r,CTX_r
594,1237,LSFM-Wu,blue,WHOLE_mouse_Brain_AZ10_SR3B_6_A_647,AIv,AI,CTX,AIv_r,AI_r,CTX_r
1114,489,LSFM-Wu,blue,WHOLE_mouse_Brain_AZ10_SR3B_6_A_647,0,CTXsp,CTX,0_r,CTXsp_r,CTX_r
1118,27929,LSFM-Wu,blue,WHOLE_mouse_Brain_AZ10_SR3B_6_A_647,0,EP,CTX,0_r,EP_r,CTX_r
592,42011,LSFM-Wu,blue,WHOLE_mouse_Brain_AZ10_SR3B_6_A_647,AIv,AI,CTX,AIv_r,AI_r,CTX_r
214,20879,LSFM-Wu,blue,WHOLE_mouse_Brain_AZ10_SR3B_6_A_647,SSs,SS,CTX,SSs_r,SS_r,CTX_r
216,5797,LSFM-Wu,blue,WHOLE_mouse_Brain_AZ10_SR3B_6_A_647,GU,Isocortex,CTX,GU_r,Isocortex_r,CTX_r
230,2941,LSFM-Wu,blue,WHOLE_mouse_Brain_AZ10_SR3B_6_A_647,VISC,Isocortex,CTX,VISC_r,Isocortex_r,CTX_r
228,24079,LSFM-Wu,blue,WHOLE_mouse_Brain_AZ10_SR3B_6_A_647,GU,Isocortex,CTX,GU_r,Isocortex_r,CTX_r
570,61846,LSFM-Wu,blue,WHOLE_mouse_Brain_AZ10_SR3B_6_A_647,AId,AI,CTX,AId_r,AI_r,CTX_r
572,2573,LSFM-Wu,blue,WHOLE_mouse_Brain_AZ10_SR3B_6_A_647,AIp,AI,CTX,AIp_r,AI_r,CTX_r
154,23021,LSFM-Wu,blue,WHOLE_mouse_Brain_AZ10_SR3B_6_A_647,SSp-m,SSp,CTX,SSp-m_r,SSp_r,CTX_r
192,23341,LSFM-Wu,blue,WHOLE_mouse_Brain_AZ10_SR3B_6_A_647,SSp-un,SSp,CTX,SSp-un_r,SSp_r,CTX_r
567,41324,LSFM-Wu,blue,WHOLE_mouse_Brain_AZ10_SR3B_6_A_647,AId,AI,CTX,AId_l,AI_l,CTX_l
149,1198,LSFM-Wu,blue,WHOLE_mouse_Brain_AZ10_SR3B_6_A_647,SSp-m,SSp,CTX,SSp-m_l,SSp_l,CTX_l
151,854,LSFM-Wu,blue,WHOLE_mouse_Brain_AZ10_SR3B_6_A_647,SSp-m,SSp,CTX,SSp-m_l,SSp_l,CTX_l
94,5076,LSFM-Wu,blue,WHOLE_mouse_Brain_AZ10_SR3B_6_A_647,SSp-n,SSp,CTX,SSp-n_r,SSp_r,CTX_r
461,113612,LSFM-Wu,blue,WHOLE_mouse_Brain_AZ10_SR3B_6_A_647,ACAd,ACA,CTX,ACAd_l,ACA_l,CTX_l
1177,11,LSFM-Wu,blue,WHOLE_mouse_Brain_AZ10_SR3B_6_A_647,LSr,LS,CNU,LSr_l,LS_l,CNU_l
473,21091,LSFM-Wu,blue,WHOLE_mouse_Brain_AZ10_SR3B_6_A_647,ACAv,ACA,CTX,ACAv_l,ACA_l,CTX_l
1181,38,LSFM-Wu,blue,WHOLE_mouse_Brain_AZ10_SR3B_6_A_647,SF,LSX,CNU,SF_l,LSX_l,CNU_l
1219,33284,LSFM-Wu,blue,WHOLE_mouse_Brain_AZ10_SR3B_6_A_647,0,PALd,CNU,0_l,PALd_l,CNU_l
191,114,LSFM-Wu,blue,WHOLE_mouse_Brain_AZ10_SR3B_6_A_647,SSp-un,SSp,CTX,SSp-un_l,SSp_l,CTX_l
95,52,LSFM-Wu,blue,WHOLE_mouse_Brain_AZ10_SR3B_6_A_647,SSp-n,SSp,CTX,SSp-n_l,SSp_l,CTX_l
153,628,LSFM-Wu,blue,WHOLE_mouse_Brain_AZ10_SR3B_6_A_647,SSp-m,SSp,CTX,SSp-m_l,SSp_l,CTX_l
211,6652,LSFM-Wu,blue,WHOLE_mouse_Brain_AZ10_SR3B_6_A_647,SSs,SS,CTX,SSs_l,SS_l,CTX_l
213,3559,LSFM-Wu,blue,WHOLE_mouse_Brain_AZ10_SR3B_6_A_647,SSs,SS,CTX,SSs_l,SS_l,CTX_l
215,957,LSFM-Wu,blue,WHOLE_mouse_Brain_AZ10_SR3B_6_A_647,GU,Isocortex,CTX,GU_l,Isocortex_l,CTX_l
581,3,LSFM-Wu,blue,WHOLE_mouse_Brain_AZ10_SR3B_6_A_647,AIp,AI,CTX,AIp_l,AI_l,CTX_l
579,1,LSFM-Wu,blue,WHOLE_mouse_Brain_AZ10_SR3B_6_A_647,AIp,AI,CTX,AIp_l,AI_l,CTX_l
207,847,LSFM-Wu,blue,WHOLE_mouse_Brain_AZ10_SR3B_6_A_647,SSs,SS,CTX,SSs_l,SS_l,CTX_l
155,538,LSFM-Wu,blue,WHOLE_mouse_Brain_AZ10_SR3B_6_A_647,SSp-m,SSp,CTX,SSp-m_l,SSp_l,CTX_l
163,522,LSFM-Wu,blue,WHOLE_mouse_Brain_AZ10_SR3B_6_A_647,SSp-ul,SSp,CTX,SSp-ul_l,SSp_l,CTX_l
477,22,LSFM-Wu,blue,WHOLE_mouse_Brain_AZ10_SR3B_6_A_647,PL,Isocortex,CTX,PL_l,Isocortex_l,CTX_l
1183,61,LSFM-Wu,blue,WHOLE_mouse_Brain_AZ10_SR3B_6_A_647,SH,LSX,CNU,SH_l,LSX_l,CNU_l
1433,11241,LSFM-Wu,blue,WHOLE_mouse_Brain_AZ10_SR3B_6_A_647,0,PVZ,HY,0_l,PVZ_l,HY_l
1593,235,LSFM-Wu,blue,WHOLE_mouse_Brain_AZ10_SR3B_6_A_647,PST,LZ,HY,PST_l,LZ_l,HY_l
1491,26,LSFM-Wu,blue,WHOLE_mouse_Brain_AZ10_SR3B_6_A_647,OV,PVR,HY,OV_l,PVR_l,HY_l
1473,10,LSFM-Wu,blue,WHOLE_mouse_Brain_AZ10_SR3B_6_A_647,0,PVR,HY,0_l,PVR_l,HY_l
1245,101,LSFM-Wu,blue,WHOLE_mouse_Brain_AZ10_SR3B_6_A_647,BST,PALc,CNU,BST_l,PALc_l,CNU_l
1156,6053,LSFM-Wu,blue,WHOLE_mouse_Brain_AZ10_SR3B_6_A_647,OT,STRv,CNU,OT_r,STRv_r,CNU_r
1246,7400,LSFM-Wu,blue,WHOLE_mouse_Brain_AZ10_SR3B_6_A_647,BST,PALc,CNU,BST_r,PALc_r,CNU_r
1232,1968,LSFM-Wu,blue,WHOLE_mouse_Brain_AZ10_SR3B_6_A_647,0,PALm,CNU,0_r,PALm_r,CNU_r
96,6439,LSFM-Wu,blue,WHOLE_mouse_Brain_AZ10_SR3B_6_A_647,SSp-n,SSp,CTX,SSp-n_r,SSp_r,CTX_r
98,1152,LSFM-Wu,blue,WHOLE_mouse_Brain_AZ10_SR3B_6_A_647,SSp-n,SSp,CTX,SSp-n_r,SSp_r,CTX_r
582,9911,LSFM-Wu,blue,WHOLE_mouse_Brain_AZ10_SR3B_6_A_647,AIp,AI,CTX,AIp_r,AI_r,CTX_r
580,99660,LSFM-Wu,blue,WHOLE_mouse_Brain_AZ10_SR3B_6_A_647,AIp,AI,CTX,AIp_r,AI_r,CTX_r
236,8592,LSFM-Wu,blue,WHOLE_mouse_Brain_AZ10_SR3B_6_A_647,VISC,Isocortex,CTX,VISC_r,Isocortex_r,CTX_r
174,14423,LSFM-Wu,blue,WHOLE_mouse_Brain_AZ10_SR3B_6_A_647,SSp-tr,SSp,CTX,SSp-tr_r,SSp_r,CTX_r
209,95,LSFM-Wu,blue,WHOLE_mouse_Brain_AZ10_SR3B_6_A_647,SSs,SS,CTX,SSs_l,SS_l,CTX_l
239,891,LSFM-Wu,blue,WHOLE_mouse_Brain_AZ10_SR3B_6_A_647,VISC,Isocortex,CTX,VISC_l,Isocortex_l,CTX_l
241,41,LSFM-Wu,blue,WHOLE_mouse_Brain_AZ10_SR3B_6_A_647,VISC,Isocortex,CTX,VISC_l,Isocortex_l,CTX_l
171,185,LSFM-Wu,blue,WHOLE_mouse_Brain_AZ10_SR3B_6_A_647,SSp-ul,SSp,CTX,SSp-ul_l,SSp_l,CTX_l
1492,4035,LSFM-Wu,blue,WHOLE_mouse_Brain_AZ10_SR3B_6_A_647,OV,PVR,HY,OV_r,PVR_r,HY_r
1478,1403,LSFM-Wu,blue,WHOLE_mouse_Brain_AZ10_SR3B_6_A_647,AVPV,PVR,HY,AVPV_r,PVR_r,HY_r
1498,1179,LSFM-Wu,blue,WHOLE_mouse_Brain_AZ10_SR3B_6_A_647,0,PVR,HY,0_r,PVR_r,HY_r
196,12815,LSFM-Wu,blue,WHOLE_mouse_Brain_AZ10_SR3B_6_A_647,SSp-un,SSp,CTX,SSp-un_r,SSp_r,CTX_r
198,43940,LSFM-Wu,blue,WHOLE_mouse_Brain_AZ10_SR3B_6_A_647,SSp-un,SSp,CTX,SSp-un_r,SSp_r,CTX_r
194,13170,LSFM-Wu,blue,WHOLE_mouse_Brain_AZ10_SR3B_6_A_647,SSp-un,SSp,CTX,SSp-un_r,SSp_r,CTX_r
240,37956,LSFM-Wu,blue,WHOLE_mouse_Brain_AZ10_SR3B_6_A_647,VISC,Isocortex,CTX,VISC_r,Isocortex_r,CTX_r
242,2184,LSFM-Wu,blue,WHOLE_mouse_Brain_AZ10_SR3B_6_A_647,VISC,Isocortex,CTX,VISC_r,Isocortex_r,CTX_r
200,18852,LSFM-Wu,blue,WHOLE_mouse_Brain_AZ10_SR3B_6_A_647,SSp-un,SSp,CTX,SSp-un_r,SSp_r,CTX_r
1184,177,LSFM-Wu,blue,WHOLE_mouse_Brain_AZ10_SR3B_6_A_647,SH,LSX,CNU,SH_r,LSX_r,CNU_r
1474,4,LSFM-Wu,blue,WHOLE_mouse_Brain_AZ10_SR3B_6_A_647,0,PVR,HY,0_r,PVR_r,HY_r
140,41471,LSFM-Wu,blue,WHOLE_mouse_Brain_AZ10_SR3B_6_A_647,SSp-ll,SSp,CTX,SSp-ll_r,SSp_r,CTX_r
142,178824,LSFM-Wu,blue,WHOLE_mouse_Brain_AZ10_SR3B_6_A_647,SSp-ll,SSp,CTX,SSp-ll_r,SSp_r,CTX_r
144,76036,LSFM-Wu,blue,WHOLE_mouse_Brain_AZ10_SR3B_6_A_647,SSp-ll,SSp,CTX,SSp-ll_r,SSp_r,CTX_r
1224,535831,LSFM-Wu,blue,WHOLE_mouse_Brain_AZ10_SR3B_6_A_647,GPi,PALd,CNU,GPi_r,PALd_r,CNU_r
146,12676,LSFM-Wu,blue,WHOLE_mouse_Brain_AZ10_SR3B_6_A_647,SSp-m,SSp,CTX,SSp-m_r,SSp_r,CTX_r
135,257,LSFM-Wu,blue,WHOLE_mouse_Brain_AZ10_SR3B_6_A_647,SSp-ll,SSp,CTX,SSp-ll_l,SSp_l,CTX_l
165,11,LSFM-Wu,blue,WHOLE_mouse_Brain_AZ10_SR3B_6_A_647,SSp-ul,SSp,CTX,SSp-ul_l,SSp_l,CTX_l
1155,285,LSFM-Wu,blue,WHOLE_mouse_Brain_AZ10_SR3B_6_A_647,OT,STRv,CNU,OT_l,STRv_l,CNU_l
167,133,LSFM-Wu,blue,WHOLE_mouse_Brain_AZ10_SR3B_6_A_647,SSp-ul,SSp,CTX,SSp-ul_l,SSp_l,CTX_l
169,10,LSFM-Wu,blue,WHOLE_mouse_Brain_AZ10_SR3B_6_A_647,SSp-ul,SSp,CTX,SSp-ul_l,SSp_l,CTX_l
102,2953,LSFM-Wu,blue,WHOLE_mouse_Brain_AZ10_SR3B_6_A_647,SSp-n,SSp,CTX,SSp-n_r,SSp_r,CTX_r
202,2045,LSFM-Wu,blue,WHOLE_mouse_Brain_AZ10_SR3B_6_A_647,SSs,SS,CTX,SSs_r,SS_r,CTX_r
100,1545,LSFM-Wu,blue,WHOLE_mouse_Brain_AZ10_SR3B_6_A_647,SSp-n,SSp,CTX,SSp-n_r,SSp_r,CTX_r
1388,985,LSFM-Wu,blue,WHOLE_mouse_Brain_AZ10_SR3B_6_A_647,PT,MTN,TH,PT_r,MTN_r,TH_r
1387,296,LSFM-Wu,blue,WHOLE_mouse_Brain_AZ10_SR3B_6_A_647,PT,MTN,TH,PT_l,MTN_l,TH_l
469,6112,LSFM-Wu,blue,WHOLE_mouse_Brain_AZ10_SR3B_6_A_647,ACAv,ACA,CTX,ACAv_l,ACA_l,CTX_l
471,2645,LSFM-Wu,blue,WHOLE_mouse_Brain_AZ10_SR3B_6_A_647,ACAv,ACA,CTX,ACAv_l,ACA_l,CTX_l
1242,49,LSFM-Wu,blue,WHOLE_mouse_Brain_AZ10_SR3B_6_A_647,0,PALc,CNU,0_r,PALc_r,CNU_r
457,16197,LSFM-Wu,blue,WHOLE_mouse_Brain_AZ10_SR3B_6_A_647,ACAd,ACA,CTX,ACAd_l,ACA_l,CTX_l
1241,74,LSFM-Wu,blue,WHOLE_mouse_Brain_AZ10_SR3B_6_A_647,0,PALc,CNU,0_l,PALc_l,CNU_l
108,57866,LSFM-Wu,blue,WHOLE_mouse_Brain_AZ10_SR3B_6_A_647,SSp-bfd,SSp,CTX,SSp-bfd_r,SSp_r,CTX_r
244,609,LSFM-Wu,blue,WHOLE_mouse_Brain_AZ10_SR3B_6_A_647,0,AUD,CTX,0_r,AUD_r,CTX_r
1496,12,LSFM-Wu,blue,WHOLE_mouse_Brain_AZ10_SR3B_6_A_647,PS,PVR,HY,PS_r,PVR_r,HY_r
1178,1,LSFM-Wu,blue,WHOLE_mouse_Brain_AZ10_SR3B_6_A_647,LSr,LS,CNU,LSr_r,LS_r,CNU_r
1286,110796,LSFM-Wu,blue,WHOLE_mouse_Brain_AZ10_SR3B_6_A_647,0,DORsm,TH,0_r,DORsm_r,TH_r
1390,489,LSFM-Wu,blue,WHOLE_mouse_Brain_AZ10_SR3B_6_A_647,RE,MTN,TH,RE_r,MTN_r,TH_r
1190,2919,LSFM-Wu,blue,WHOLE_mouse_Brain_AZ10_SR3B_6_A_647,BA,sAMY,CNU,BA_r,sAMY_r,CNU_r
97,1521,LSFM-Wu,blue,WHOLE_mouse_Brain_AZ10_SR3B_6_A_647,SSp-n,SSp,CTX,SSp-n_l,SSp_l,CTX_l
99,41,LSFM-Wu,blue,WHOLE_mouse_Brain_AZ10_SR3B_6_A_647,SSp-n,SSp,CTX,SSp-n_l,SSp_l,CTX_l
1231,113,LSFM-Wu,blue,WHOLE_mouse_Brain_AZ10_SR3B_6_A_647,0,PALm,CNU,0_l,PALm_l,CNU_l
1223,39658,LSFM-Wu,blue,WHOLE_mouse_Brain_AZ10_SR3B_6_A_647,GPi,PALd,CNU,GPi_l,PALd_l,CNU_l
1124,662,LSFM-Wu,blue,WHOLE_mouse_Brain_AZ10_SR3B_6_A_647,LA,CTXsp,CTX,LA_r,CTXsp_r,CTX_r
110,47098,LSFM-Wu,blue,WHOLE_mouse_Brain_AZ10_SR3B_6_A_647,SSp-bfd,SSp,CTX,SSp-bfd_r,SSp_r,CTX_r
141,54,LSFM-Wu,blue,WHOLE_mouse_Brain_AZ10_SR3B_6_A_647,SSp-ll,SSp,CTX,SSp-ll_l,SSp_l,CTX_l
238,3928,LSFM-Wu,blue,WHOLE_mouse_Brain_AZ10_SR3B_6_A_647,VISC,Isocortex,CTX,VISC_r,Isocortex_r,CTX_r
1189,233,LSFM-Wu,blue,WHOLE_mouse_Brain_AZ10_SR3B_6_A_647,BA,sAMY,CNU,BA_l,sAMY_l,CNU_l
173,1,LSFM-Wu,blue,WHOLE_mouse_Brain_AZ10_SR3B_6_A_647,SSp-tr,SSp,CTX,SSp-tr_l,SSp_l,CTX_l
93,192,LSFM-Wu,blue,WHOLE_mouse_Brain_AZ10_SR3B_6_A_647,SSp-n,SSp,CTX,SSp-n_l,SSp_l,CTX_l
233,703,LSFM-Wu,blue,WHOLE_mouse_Brain_AZ10_SR3B_6_A_647,VISC,Isocortex,CTX,VISC_l,Isocortex_l,CTX_l
237,34,LSFM-Wu,blue,WHOLE_mouse_Brain_AZ10_SR3B_6_A_647,VISC,Isocortex,CTX,VISC_l,Isocortex_l,CTX_l
235,230,LSFM-Wu,blue,WHOLE_mouse_Brain_AZ10_SR3B_6_A_647,VISC,Isocortex,CTX,VISC_l,Isocortex_l,CTX_l
1354,10368,LSFM-Wu,blue,WHOLE_mouse_Brain_AZ10_SR3B_6_A_647,AM,ATN,TH,AM_r,ATN_r,TH_r
1513,2,LSFM-Wu,blue,WHOLE_mouse_Brain_AZ10_SR3B_6_A_647,0,MEZ,HY,0_l,MEZ_l,HY_l
1285,5831,LSFM-Wu,blue,WHOLE_mouse_Brain_AZ10_SR3B_6_A_647,0,DORsm,TH,0_l,DORsm_l,TH_l
1389,461,LSFM-Wu,blue,WHOLE_mouse_Brain_AZ10_SR3B_6_A_647,RE,MTN,TH,RE_l,MTN_l,TH_l
459,7590,LSFM-Wu,blue,WHOLE_mouse_Brain_AZ10_SR3B_6_A_647,ACAd,ACA,CTX,ACAd_l,ACA_l,CTX_l
61,48,LSFM-Wu,blue,WHOLE_mouse_Brain_AZ10_SR3B_6_A_647,0,SS,CTX,0_l,SS_l,CTX_l
481,7671,LSFM-Wu,blue,WHOLE_mouse_Brain_AZ10_SR3B_6_A_647,PL,Isocortex,CTX,PL_l,Isocortex_l,CTX_l
485,2574,LSFM-Wu,blue,WHOLE_mouse_Brain_AZ10_SR3B_6_A_647,PL,Isocortex,CTX,PL_l,Isocortex_l,CTX_l
487,53620,LSFM-Wu,blue,WHOLE_mouse_Brain_AZ10_SR3B_6_A_647,PL,Isocortex,CTX,PL_l,Isocortex_l,CTX_l
21,15050,LSFM-Wu,blue,WHOLE_mouse_Brain_AZ10_SR3B_6_A_647,FRP,Isocortex,CTX,FRP_l,Isocortex_l,CTX_l
539,3571,LSFM-Wu,blue,WHOLE_mouse_Brain_AZ10_SR3B_6_A_647,ORBm,ORB,CTX,ORBm_l,ORB_l,CTX_l
19,3374,LSFM-Wu,blue,WHOLE_mouse_Brain_AZ10_SR3B_6_A_647,FRP,Isocortex,CTX,FRP_l,Isocortex_l,CTX_l
537,271,LSFM-Wu,blue,WHOLE_mouse_Brain_AZ10_SR3B_6_A_647,ORBm,ORB,CTX,ORBm_l,ORB_l,CTX_l
763,46208,LSFM-Wu,blue,WHOLE_mouse_Brain_AZ10_SR3B_6_A_647,MOB,OLF,CTX,MOB_l,OLF_l,CTX_l
533,13029,LSFM-Wu,blue,WHOLE_mouse_Brain_AZ10_SR3B_6_A_647,ORBm,ORB,CTX,ORBm_l,ORB_l,CTX_l
549,127,LSFM-Wu,blue,WHOLE_mouse_Brain_AZ10_SR3B_6_A_647,ORBvl,ORB,CTX,ORBvl_l,ORB_l,CTX_l
20,14744,LSFM-Wu,blue,WHOLE_mouse_Brain_AZ10_SR3B_6_A_647,FRP,Isocortex,CTX,FRP_r,Isocortex_r,CTX_r
22,117057,LSFM-Wu,blue,WHOLE_mouse_Brain_AZ10_SR3B_6_A_647,FRP,Isocortex,CTX,FRP_r,Isocortex_r,CTX_r
540,125389,LSFM-Wu,blue,WHOLE_mouse_Brain_AZ10_SR3B_6_A_647,ORBm,ORB,CTX,ORBm_r,ORB_r,CTX_r
488,670531,LSFM-Wu,blue,WHOLE_mouse_Brain_AZ10_SR3B_6_A_647,PL,Isocortex,CTX,PL_r,Isocortex_r,CTX_r
538,17499,LSFM-Wu,blue,WHOLE_mouse_Brain_AZ10_SR3B_6_A_647,ORBm,ORB,CTX,ORBm_r,ORB_r,CTX_r
554,23338,LSFM-Wu,blue,WHOLE_mouse_Brain_AZ10_SR3B_6_A_647,ORBvl,ORB,CTX,ORBvl_r,ORB_r,CTX_r
552,7540,LSFM-Wu,blue,WHOLE_mouse_Brain_AZ10_SR3B_6_A_647,ORBvl,ORB,CTX,ORBvl_r,ORB_r,CTX_r
534,35539,LSFM-Wu,blue,WHOLE_mouse_Brain_AZ10_SR3B_6_A_647,ORBm,ORB,CTX,ORBm_r,ORB_r,CTX_r
550,5941,LSFM-Wu,blue,WHOLE_mouse_Brain_AZ10_SR3B_6_A_647,ORBvl,ORB,CTX,ORBvl_r,ORB_r,CTX_r
764,100274,LSFM-Wu,blue,WHOLE_mouse_Brain_AZ10_SR3B_6_A_647,MOB,OLF,CTX,MOB_r,OLF_r,CTX_r
482,138727,LSFM-Wu,blue,WHOLE_mouse_Brain_AZ10_SR3B_6_A_647,PL,Isocortex,CTX,PL_r,Isocortex_r,CTX_r
486,72480,LSFM-Wu,blue,WHOLE_mouse_Brain_AZ10_SR3B_6_A_647,PL,Isocortex,CTX,PL_r,Isocortex_r,CTX_r
781,17,LSFM-Wu,blue,WHOLE_mouse_Brain_AZ10_SR3B_6_A_647,AON,OLF,CTX,AON_l,OLF_l,CTX_l
783,2109,LSFM-Wu,blue,WHOLE_mouse_Brain_AZ10_SR3B_6_A_647,AON,OLF,CTX,AON_l,OLF_l,CTX_l
525,1128,LSFM-Wu,blue,WHOLE_mouse_Brain_AZ10_SR3B_6_A_647,ORBl,ORB,CTX,ORBl_l,ORB_l,CTX_l
17,9641,LSFM-Wu,blue,WHOLE_mouse_Brain_AZ10_SR3B_6_A_647,FRP,Isocortex,CTX,FRP_l,Isocortex_l,CTX_l
523,136,LSFM-Wu,blue,WHOLE_mouse_Brain_AZ10_SR3B_6_A_647,ORBl,ORB,CTX,ORBl_l,ORB_l,CTX_l
777,110,LSFM-Wu,blue,WHOLE_mouse_Brain_AZ10_SR3B_6_A_647,AOB,OLF,CTX,AOB_l,OLF_l,CTX_l
563,4937,LSFM-Wu,blue,WHOLE_mouse_Brain_AZ10_SR3B_6_A_647,AId,AI,CTX,AId_l,AI_l,CTX_l
778,9689,LSFM-Wu,blue,WHOLE_mouse_Brain_AZ10_SR3B_6_A_647,AOB,OLF,CTX,AOB_r,OLF_r,CTX_r
522,5312,LSFM-Wu,blue,WHOLE_mouse_Brain_AZ10_SR3B_6_A_647,ORBl,ORB,CTX,ORBl_r,ORB_r,CTX_r
782,1536,LSFM-Wu,blue,WHOLE_mouse_Brain_AZ10_SR3B_6_A_647,AON,OLF,CTX,AON_r,OLF_r,CTX_r
524,2567,LSFM-Wu,blue,WHOLE_mouse_Brain_AZ10_SR3B_6_A_647,ORBl,ORB,CTX,ORBl_r,ORB_r,CTX_r
784,14895,LSFM-Wu,blue,WHOLE_mouse_Brain_AZ10_SR3B_6_A_647,AON,OLF,CTX,AON_r,OLF_r,CTX_r
526,70418,LSFM-Wu,blue,WHOLE_mouse_Brain_AZ10_SR3B_6_A_647,ORBl,ORB,CTX,ORBl_r,ORB_r,CTX_r
553,312,LSFM-Wu,blue,WHOLE_mouse_Brain_AZ10_SR3B_6_A_647,ORBvl,ORB,CTX,ORBvl_l,ORB_l,CTX_l
551,188,LSFM-Wu,blue,WHOLE_mouse_Brain_AZ10_SR3B_6_A_647,ORBvl,ORB,CTX,ORBvl_l,ORB_l,CTX_l
18,20308,LSFM-Wu,blue,WHOLE_mouse_Brain_AZ10_SR3B_6_A_647,FRP,Isocortex,CTX,FRP_r,Isocortex_r,CTX_r
521,234,LSFM-Wu,blue,WHOLE_mouse_Brain_AZ10_SR3B_6_A_647,ORBl,ORB,CTX,ORBl_l,ORB_l,CTX_l
1225,33061,LSFM-Wu,blue,WHOLE_mouse_Brain_AZ10_SR3B_6_A_647,0,PALv,CNU,0_l,PALv_l,CNU_l
1199,126,LSFM-Wu,blue,WHOLE_mouse_Brain_AZ10_SR3B_6_A_647,IA,sAMY,CNU,IA_l,sAMY_l,CNU_l
177,461,LSFM-Wu,blue,WHOLE_mouse_Brain_AZ10_SR3B_6_A_647,SSp-tr,SSp,CTX,SSp-tr_l,SSp_l,CTX_l
179,128,LSFM-Wu,blue,WHOLE_mouse_Brain_AZ10_SR3B_6_A_647,SSp-tr,SSp,CTX,SSp-tr_l,SSp_l,CTX_l
1203,3232,LSFM-Wu,blue,WHOLE_mouse_Brain_AZ10_SR3B_6_A_647,MEA,sAMY,CNU,MEA_l,sAMY_l,CNU_l
655,1706,LSFM-Wu,blue,WHOLE_mouse_Brain_AZ10_SR3B_6_A_647,RSPd,RSP,CTX,RSPd_l,RSP_l,CTX_l
657,2569,LSFM-Wu,blue,WHOLE_mouse_Brain_AZ10_SR3B_6_A_647,RSPd,RSP,CTX,RSPd_l,RSP_l,CTX_l
661,238,LSFM-Wu,blue,WHOLE_mouse_Brain_AZ10_SR3B_6_A_647,RSPd,RSP,CTX,RSPd_l,RSP_l,CTX_l
1391,1209,LSFM-Wu,blue,WHOLE_mouse_Brain_AZ10_SR3B_6_A_647,Xi,MTN,TH,Xi_l,MTN_l,TH_l
1293,14249,LSFM-Wu,blue,WHOLE_mouse_Brain_AZ10_SR3B_6_A_647,0,VP,TH,0_l,VP_l,TH_l
1381,862,LSFM-Wu,blue,WHOLE_mouse_Brain_AZ10_SR3B_6_A_647,PR,MED,TH,PR_l,MED_l,TH_l
1383,300,LSFM-Wu,blue,WHOLE_mouse_Brain_AZ10_SR3B_6_A_647,0,MTN,TH,0_l,MTN_l,TH_l
1409,1300,LSFM-Wu,blue,WHOLE_mouse_Brain_AZ10_SR3B_6_A_647,0,GENv,TH,0_l,GENv_l,TH_l
1607,17753,LSFM-Wu,blue,WHOLE_mouse_Brain_AZ10_SR3B_6_A_647,ZI,LZ,HY,ZI_l,LZ_l,HY_l
1429,720,LSFM-Wu,blue,WHOLE_mouse_Brain_AZ10_SR3B_6_A_647,0,EPI,TH,0_l,EPI_l,TH_l
1517,170,LSFM-Wu,blue,WHOLE_mouse_Brain_AZ10_SR3B_6_A_647,AHN,MEZ,HY,AHN_l,MEZ_l,HY_l
1373,1742,LSFM-Wu,blue,WHOLE_mouse_Brain_AZ10_SR3B_6_A_647,MD,MED,TH,MD_l,MED_l,TH_l
1443,55,LSFM-Wu,blue,WHOLE_mouse_Brain_AZ10_SR3B_6_A_647,PVH,PVZ,HY,PVH_l,PVZ_l,HY_l
1567,486,LSFM-Wu,blue,WHOLE_mouse_Brain_AZ10_SR3B_6_A_647,PVHd,MEZ,HY,PVHd_l,MEZ_l,HY_l
1599,445,LSFM-Wu,blue,WHOLE_mouse_Brain_AZ10_SR3B_6_A_647,RCH,LZ,HY,RCH_l,LZ_l,HY_l
951,19782,LSFM-Wu,blue,WHOLE_mouse_Brain_AZ10_SR3B_6_A_647,DG,HIP,CTX,DG_l,HIP_l,CTX_l
937,3203,LSFM-Wu,blue,WHOLE_mouse_Brain_AZ10_SR3B_6_A_647,CA3,CA,CTX,CA3_l,CA_l,CTX_l
1357,680,LSFM-Wu,blue,WHOLE_mouse_Brain_AZ10_SR3B_6_A_647,AM,ATN,TH,AM_l,ATN_l,TH_l
1363,82,LSFM-Wu,blue,WHOLE_mouse_Brain_AZ10_SR3B_6_A_647,IAD,ATN,TH,IAD_l,ATN_l,TH_l
1291,1704,LSFM-Wu,blue,WHOLE_mouse_Brain_AZ10_SR3B_6_A_647,VM,VENT,TH,VM_l,VENT_l,TH_l
1439,1,LSFM-Wu,blue,WHOLE_mouse_Brain_AZ10_SR3B_6_A_647,ASO,PVZ,HY,ASO_l,PVZ_l,HY_l
1401,64,LSFM-Wu,blue,WHOLE_mouse_Brain_AZ10_SR3B_6_A_647,CL,ILM,TH,CL_l,ILM_l,TH_l
1365,271,LSFM-Wu,blue,WHOLE_mouse_Brain_AZ10_SR3B_6_A_647,LD,ATN,TH,LD_l,ATN_l,TH_l
1507,1398,LSFM-Wu,blue,WHOLE_mouse_Brain_AZ10_SR3B_6_A_647,SFO,PVR,HY,SFO_l,PVR_l,HY_l
1226,173309,LSFM-Wu,blue,WHOLE_mouse_Brain_AZ10_SR3B_6_A_647,0,PALv,CNU,0_r,PALv_r,CNU_r
1200,2119,LSFM-Wu,blue,WHOLE_mouse_Brain_AZ10_SR3B_6_A_647,IA,sAMY,CNU,IA_r,sAMY_r,CNU_r
178,56664,LSFM-Wu,blue,WHOLE_mouse_Brain_AZ10_SR3B_6_A_647,SSp-tr,SSp,CTX,SSp-tr_r,SSp_r,CTX_r
116,36806,LSFM-Wu,blue,WHOLE_mouse_Brain_AZ10_SR3B_6_A_647,SSp-bfd,SSp,CTX,SSp-bfd_r,SSp_r,CTX_r
118,14978,LSFM-Wu,blue,WHOLE_mouse_Brain_AZ10_SR3B_6_A_647,SSp-bfd,SSp,CTX,SSp-bfd_r,SSp_r,CTX_r
1410,71579,LSFM-Wu,blue,WHOLE_mouse_Brain_AZ10_SR3B_6_A_647,0,GENv,TH,0_r,GENv_r,TH_r
1298,66802,LSFM-Wu,blue,WHOLE_mouse_Brain_AZ10_SR3B_6_A_647,VPLpc,VP,TH,VPLpc_r,VP_r,TH_r
182,20094,LSFM-Wu,blue,WHOLE_mouse_Brain_AZ10_SR3B_6_A_647,SSp-tr,SSp,CTX,SSp-tr_r,SSp_r,CTX_r
184,131622,LSFM-Wu,blue,WHOLE_mouse_Brain_AZ10_SR3B_6_A_647,SSp-tr,SSp,CTX,SSp-tr_r,SSp_r,CTX_r
114,133936,LSFM-Wu,blue,WHOLE_mouse_Brain_AZ10_SR3B_6_A_647,SSp-bfd,SSp,CTX,SSp-bfd_r,SSp_r,CTX_r
852,11705,LSFM-Wu,blue,WHOLE_mouse_Brain_AZ10_SR3B_6_A_647,NLOT,OLF,CTX,NLOT_r,OLF_r,CTX_r
850,1400,LSFM-Wu,blue,WHOLE_mouse_Brain_AZ10_SR3B_6_A_647,NLOT,OLF,CTX,NLOT_r,OLF_r,CTX_r
858,2143,LSFM-Wu,blue,WHOLE_mouse_Brain_AZ10_SR3B_6_A_647,COAa,COA,CTX,COAa_r,COA_r,CTX_r
180,39835,LSFM-Wu,blue,WHOLE_mouse_Brain_AZ10_SR3B_6_A_647,SSp-tr,SSp,CTX,SSp-tr_r,SSp_r,CTX_r
1204,1652,LSFM-Wu,blue,WHOLE_mouse_Brain_AZ10_SR3B_6_A_647,MEA,sAMY,CNU,MEA_r,sAMY_r,CNU_r
854,1432,LSFM-Wu,blue,WHOLE_mouse_Brain_AZ10_SR3B_6_A_647,0,COA,CTX,0_r,COA_r,CTX_r
1138,425,LSFM-Wu,blue,WHOLE_mouse_Brain_AZ10_SR3B_6_A_647,BMA,CTXsp,CTX,BMA_r,CTXsp_r,CTX_r
1196,17,LSFM-Wu,blue,WHOLE_mouse_Brain_AZ10_SR3B_6_A_647,CEA,sAMY,CNU,CEA_r,sAMY_r,CNU_r
112,47311,LSFM-Wu,blue,WHOLE_mouse_Brain_AZ10_SR3B_6_A_647,SSp-bfd,SSp,CTX,SSp-bfd_r,SSp_r,CTX_r
892,651,LSFM-Wu,blue,WHOLE_mouse_Brain_AZ10_SR3B_6_A_647,PAA,OLF,CTX,PAA_r,OLF_r,CTX_r
1198,21,LSFM-Wu,blue,WHOLE_mouse_Brain_AZ10_SR3B_6_A_647,CEA,sAMY,CNU,CEA_r,sAMY_r,CNU_r
584,11,LSFM-Wu,blue,WHOLE_mouse_Brain_AZ10_SR3B_6_A_647,AIv,AI,CTX,AIv_r,AI_r,CTX_r
606,166001,LSFM-Wu,blue,WHOLE_mouse_Brain_AZ10_SR3B_6_A_647,RSPagl,RSP,CTX,RSPagl_r,RSP_r,CTX_r
662,155665,LSFM-Wu,blue,WHOLE_mouse_Brain_AZ10_SR3B_6_A_647,RSPd,RSP,CTX,RSPd_r,RSP_r,CTX_r
664,107262,LSFM-Wu,blue,WHOLE_mouse_Brain_AZ10_SR3B_6_A_647,RSPd,RSP,CTX,RSPd_r,RSP_r,CTX_r
608,28580,LSFM-Wu,blue,WHOLE_mouse_Brain_AZ10_SR3B_6_A_647,RSPagl,RSP,CTX,RSPagl_r,RSP_r,CTX_r
186,14505,LSFM-Wu,blue,WHOLE_mouse_Brain_AZ10_SR3B_6_A_647,SSp-tr,SSp,CTX,SSp-tr_r,SSp_r,CTX_r
666,1544,LSFM-Wu,blue,WHOLE_mouse_Brain_AZ10_SR3B_6_A_647,RSPv,RSP,CTX,RSPv_r,RSP_r,CTX_r
610,1261,LSFM-Wu,blue,WHOLE_mouse_Brain_AZ10_SR3B_6_A_647,RSPagl,RSP,CTX,RSPagl_r,RSP_r,CTX_r
188,5936,LSFM-Wu,blue,WHOLE_mouse_Brain_AZ10_SR3B_6_A_647,SSp-un,SSp,CTX,SSp-un_r,SSp_r,CTX_r
1608,394721,LSFM-Wu,blue,WHOLE_mouse_Brain_AZ10_SR3B_6_A_647,ZI,LZ,HY,ZI_r,LZ_r,HY_r
1592,99374,LSFM-Wu,blue,WHOLE_mouse_Brain_AZ10_SR3B_6_A_647,LPO,LZ,HY,LPO_r,LZ_r,HY_r
1568,1303,LSFM-Wu,blue,WHOLE_mouse_Brain_AZ10_SR3B_6_A_647,PVHd,MEZ,HY,PVHd_r,MEZ_r,HY_r
1600,2154,LSFM-Wu,blue,WHOLE_mouse_Brain_AZ10_SR3B_6_A_647,RCH,LZ,HY,RCH_r,LZ_r,HY_r
1340,21895,LSFM-Wu,blue,WHOLE_mouse_Brain_AZ10_SR3B_6_A_647,PO,LAT,TH,PO_r,LAT_r,TH_r
1368,18567,LSFM-Wu,blue,WHOLE_mouse_Brain_AZ10_SR3B_6_A_647,0,MED,TH,0_r,MED_r,TH_r
1404,8980,LSFM-Wu,blue,WHOLE_mouse_Brain_AZ10_SR3B_6_A_647,PF,ILM,TH,PF_r,ILM_r,TH_r
1362,1949,LSFM-Wu,blue,WHOLE_mouse_Brain_AZ10_SR3B_6_A_647,IAM,ATN,TH,IAM_r,ATN_r,TH_r
1374,9744,LSFM-Wu,blue,WHOLE_mouse_Brain_AZ10_SR3B_6_A_647,MD,MED,TH,MD_r,MED_r,TH_r
1366,1307,LSFM-Wu,blue,WHOLE_mouse_Brain_AZ10_SR3B_6_A_647,LD,ATN,TH,LD_r,ATN_r,TH_r
1402,1395,LSFM-Wu,blue,WHOLE_mouse_Brain_AZ10_SR3B_6_A_647,CL,ILM,TH,CL_r,ILM_r,TH_r
1292,17596,LSFM-Wu,blue,WHOLE_mouse_Brain_AZ10_SR3B_6_A_647,VM,VENT,TH,VM_r,VENT_r,TH_r
1358,2525,LSFM-Wu,blue,WHOLE_mouse_Brain_AZ10_SR3B_6_A_647,AM,ATN,TH,AM_r,ATN_r,TH_r
1360,2354,LSFM-Wu,blue,WHOLE_mouse_Brain_AZ10_SR3B_6_A_647,AD,ATN,TH,AD_r,ATN_r,TH_r
602,55682,LSFM-Wu,blue,WHOLE_mouse_Brain_AZ10_SR3B_6_A_647,RSPagl,RSP,CTX,RSPagl_r,RSP_r,CTX_r
656,57481,LSFM-Wu,blue,WHOLE_mouse_Brain_AZ10_SR3B_6_A_647,RSPd,RSP,CTX,RSPd_r,RSP_r,CTX_r
604,39062,LSFM-Wu,blue,WHOLE_mouse_Brain_AZ10_SR3B_6_A_647,RSPagl,RSP,CTX,RSPagl_r,RSP_r,CTX_r
658,37957,LSFM-Wu,blue,WHOLE_mouse_Brain_AZ10_SR3B_6_A_647,RSPd,RSP,CTX,RSPd_r,RSP_r,CTX_r
1518,994,LSFM-Wu,blue,WHOLE_mouse_Brain_AZ10_SR3B_6_A_647,AHN,MEZ,HY,AHN_r,MEZ_r,HY_r
1602,15,LSFM-Wu,blue,WHOLE_mouse_Brain_AZ10_SR3B_6_A_647,STN,LZ,HY,STN_r,LZ_r,HY_r
1294,66865,LSFM-Wu,blue,WHOLE_mouse_Brain_AZ10_SR3B_6_A_647,0,VP,TH,0_r,VP_r,TH_r
1384,1039,LSFM-Wu,blue,WHOLE_mouse_Brain_AZ10_SR3B_6_A_647,0,MTN,TH,0_r,MTN_r,TH_r
107,374,LSFM-Wu,blue,WHOLE_mouse_Brain_AZ10_SR3B_6_A_647,SSp-bfd,SSp,CTX,SSp-bfd_l,SSp_l,CTX_l
1591,15680,LSFM-Wu,blue,WHOLE_mouse_Brain_AZ10_SR3B_6_A_647,LPO,LZ,HY,LPO_l,LZ_l,HY_l
1297,875,LSFM-Wu,blue,WHOLE_mouse_Brain_AZ10_SR3B_6_A_647,VPLpc,VP,TH,VPLpc_l,VP_l,TH_l
1367,344,LSFM-Wu,blue,WHOLE_mouse_Brain_AZ10_SR3B_6_A_647,0,MED,TH,0_l,MED_l,TH_l
601,349,LSFM-Wu,blue,WHOLE_mouse_Brain_AZ10_SR3B_6_A_647,RSPagl,RSP,CTX,RSPagl_l,RSP_l,CTX_l
674,59311,LSFM-Wu,blue,WHOLE_mouse_Brain_AZ10_SR3B_6_A_647,RSPv,RSP,CTX,RSPv_r,RSP_r,CTX_r
670,60505,LSFM-Wu,blue,WHOLE_mouse_Brain_AZ10_SR3B_6_A_647,RSPv,RSP,CTX,RSPv_r,RSP_r,CTX_r
1371,62,LSFM-Wu,blue,WHOLE_mouse_Brain_AZ10_SR3B_6_A_647,MD,MED,TH,MD_l,MED_l,TH_l
1372,158,LSFM-Wu,blue,WHOLE_mouse_Brain_AZ10_SR3B_6_A_647,MD,MED,TH,MD_r,MED_r,TH_r
1400,955,LSFM-Wu,blue,WHOLE_mouse_Brain_AZ10_SR3B_6_A_647,PCN,ILM,TH,PCN_r,ILM_r,TH_r
1398,76,LSFM-Wu,blue,WHOLE_mouse_Brain_AZ10_SR3B_6_A_647,CM,ILM,TH,CM_r,ILM_r,TH_r
1397,47,LSFM-Wu,blue,WHOLE_mouse_Brain_AZ10_SR3B_6_A_647,CM,ILM,TH,CM_l,ILM_l,TH_l
1392,1281,LSFM-Wu,blue,WHOLE_mouse_Brain_AZ10_SR3B_6_A_647,Xi,MTN,TH,Xi_r,MTN_r,TH_r
1393,59,LSFM-Wu,blue,WHOLE_mouse_Brain_AZ10_SR3B_6_A_647,0,ILM,TH,0_l,ILM_l,TH_l
1444,61,LSFM-Wu,blue,WHOLE_mouse_Brain_AZ10_SR3B_6_A_647,PVH,PVZ,HY,PVH_r,PVZ_r,HY_r
1505,15,LSFM-Wu,blue,WHOLE_mouse_Brain_AZ10_SR3B_6_A_647,SCH,PVR,HY,SCH_l,PVR_l,HY_l
676,239545,LSFM-Wu,blue,WHOLE_mouse_Brain_AZ10_SR3B_6_A_647,RSPv,RSP,CTX,RSPv_r,RSP_r,CTX_r
1394,101,LSFM-Wu,blue,WHOLE_mouse_Brain_AZ10_SR3B_6_A_647,0,ILM,TH,0_r,ILM_r,TH_r
1601,19,LSFM-Wu,blue,WHOLE_mouse_Brain_AZ10_SR3B_6_A_647,STN,LZ,HY,STN_l,LZ_l,HY_l
952,9460,LSFM-Wu,blue,WHOLE_mouse_Brain_AZ10_SR3B_6_A_647,DG,HIP,CTX,DG_r,HIP_r,CTX_r
1506,2,LSFM-Wu,blue,WHOLE_mouse_Brain_AZ10_SR3B_6_A_647,SCH,PVR,HY,SCH_r,PVR_r,HY_r
678,78730,LSFM-Wu,blue,WHOLE_mouse_Brain_AZ10_SR3B_6_A_647,RSPv,RSP,CTX,RSPv_r,RSP_r,CTX_r
680,11419,LSFM-Wu,blue,WHOLE_mouse_Brain_AZ10_SR3B_6_A_647,0,PTLp,CTX,0_r,PTLp_r,CTX_r
938,270,LSFM-Wu,blue,WHOLE_mouse_Brain_AZ10_SR3B_6_A_647,CA3,CA,CTX,CA3_r,CA_r,CTX_r
956,2611,LSFM-Wu,blue,WHOLE_mouse_Brain_AZ10_SR3B_6_A_647,DG,HIP,CTX,DG_r,HIP_r,CTX_r
1428,544,LSFM-Wu,blue,WHOLE_mouse_Brain_AZ10_SR3B_6_A_647,LH,EPI,TH,LH_r,EPI_r,TH_r
1382,2091,LSFM-Wu,blue,WHOLE_mouse_Brain_AZ10_SR3B_6_A_647,PR,MED,TH,PR_r,MED_r,TH_r
1364,10,LSFM-Wu,blue,WHOLE_mouse_Brain_AZ10_SR3B_6_A_647,IAD,ATN,TH,IAD_r,ATN_r,TH_r
1430,4562,LSFM-Wu,blue,WHOLE_mouse_Brain_AZ10_SR3B_6_A_647,0,EPI,TH,0_r,EPI_r,TH_r
577,61,LSFM-Wu,blue,WHOLE_mouse_Brain_AZ10_SR3B_6_A_647,AIp,AI,CTX,AIp_l,AI_l,CTX_l
575,482,LSFM-Wu,blue,WHOLE_mouse_Brain_AZ10_SR3B_6_A_647,AIp,AI,CTX,AIp_l,AI_l,CTX_l
603,331,LSFM-Wu,blue,WHOLE_mouse_Brain_AZ10_SR3B_6_A_647,RSPagl,RSP,CTX,RSPagl_l,RSP_l,CTX_l
605,12,LSFM-Wu,blue,WHOLE_mouse_Brain_AZ10_SR3B_6_A_647,RSPagl,RSP,CTX,RSPagl_l,RSP_l,CTX_l
1359,436,LSFM-Wu,blue,WHOLE_mouse_Brain_AZ10_SR3B_6_A_647,AD,ATN,TH,AD_l,ATN_l,TH_l
1403,97,LSFM-Wu,blue,WHOLE_mouse_Brain_AZ10_SR3B_6_A_647,PF,ILM,TH,PF_l,ILM_l,TH_l
1353,1057,LSFM-Wu,blue,WHOLE_mouse_Brain_AZ10_SR3B_6_A_647,AM,ATN,TH,AM_l,ATN_l,TH_l
1339,1814,LSFM-Wu,blue,WHOLE_mouse_Brain_AZ10_SR3B_6_A_647,PO,LAT,TH,PO_l,LAT_l,TH_l
1123,14,LSFM-Wu,blue,WHOLE_mouse_Brain_AZ10_SR3B_6_A_647,LA,CTXsp,CTX,LA_l,CTXsp_l,CTX_l
1438,52,LSFM-Wu,blue,WHOLE_mouse_Brain_AZ10_SR3B_6_A_647,ASO,PVZ,HY,ASO_r,PVZ_r,HY_r
1342,53250,LSFM-Wu,blue,WHOLE_mouse_Brain_AZ10_SR3B_6_A_647,POL,LAT,TH,POL_r,LAT_r,TH_r
698,35079,LSFM-Wu,blue,WHOLE_mouse_Brain_AZ10_SR3B_6_A_647,VISa,PTLp,CTX,VISa_r,PTLp_r,CTX_r
1302,82929,LSFM-Wu,blue,WHOLE_mouse_Brain_AZ10_SR3B_6_A_647,VPMpc,VP,TH,VPMpc_r,VP_r,TH_r
1137,26,LSFM-Wu,blue,WHOLE_mouse_Brain_AZ10_SR3B_6_A_647,BMA,CTXsp,CTX,BMA_l,CTXsp_l,CTX_l
857,17,LSFM-Wu,blue,WHOLE_mouse_Brain_AZ10_SR3B_6_A_647,COAa,COA,CTX,COAa_l,COA_l,CTX_l
853,1,LSFM-Wu,blue,WHOLE_mouse_Brain_AZ10_SR3B_6_A_647,0,COA,CTX,0_l,COA_l,CTX_l
1130,84,LSFM-Wu,blue,WHOLE_mouse_Brain_AZ10_SR3B_6_A_647,BLA,CTXsp,CTX,BLA_r,CTXsp_r,CTX_r
104,355,LSFM-Wu,blue,WHOLE_mouse_Brain_AZ10_SR3B_6_A_647,SSp-bfd,SSp,CTX,SSp-bfd_r,SSp_r,CTX_r
1597,9520,LSFM-Wu,blue,WHOLE_mouse_Brain_AZ10_SR3B_6_A_647,PeF,LZ,HY,PeF_l,LZ_l,HY_l
1303,3831,LSFM-Wu,blue,WHOLE_mouse_Brain_AZ10_SR3B_6_A_647,PoT,VENT,TH,PoT_l,VENT_l,TH_l
1299,1930,LSFM-Wu,blue,WHOLE_mouse_Brain_AZ10_SR3B_6_A_647,VPM,VP,TH,VPM_l,VP_l,TH_l
1301,2233,LSFM-Wu,blue,WHOLE_mouse_Brain_AZ10_SR3B_6_A_647,VPMpc,VP,TH,VPMpc_l,VP_l,TH_l
955,3447,LSFM-Wu,blue,WHOLE_mouse_Brain_AZ10_SR3B_6_A_647,DG,HIP,CTX,DG_l,HIP_l,CTX_l
1405,5017,LSFM-Wu,blue,WHOLE_mouse_Brain_AZ10_SR3B_6_A_647,PIL,ILM,TH,PIL_l,ILM_l,TH_l
1341,2547,LSFM-Wu,blue,WHOLE_mouse_Brain_AZ10_SR3B_6_A_647,POL,LAT,TH,POL_l,LAT_l,TH_l
1615,183671,LSFM-Wu,blue,WHOLE_mouse_Brain_AZ10_SR3B_6_A_647,0,MBsen,MB,0_l,MBsen_l,MB_l
1347,545,LSFM-Wu,blue,WHOLE_mouse_Brain_AZ10_SR3B_6_A_647,0,LAT,TH,0_l,LAT_l,TH_l
1605,222,LSFM-Wu,blue,WHOLE_mouse_Brain_AZ10_SR3B_6_A_647,ZI,LZ,HY,ZI_l,LZ_l,HY_l
1418,2101,LSFM-Wu,blue,WHOLE_mouse_Brain_AZ10_SR3B_6_A_647,LGv,GENv,TH,LGv_r,GENv_r,TH_r
1604,178821,LSFM-Wu,blue,WHOLE_mouse_Brain_AZ10_SR3B_6_A_647,TU,LZ,HY,TU_r,LZ_r,HY_r
348,31924,LSFM-Wu,blue,WHOLE_mouse_Brain_AZ10_SR3B_6_A_647,VISam,VIS,CTX,VISam_r,VIS_r,CTX_r
700,19729,LSFM-Wu,blue,WHOLE_mouse_Brain_AZ10_SR3B_6_A_647,VISa,PTLp,CTX,VISa_r,PTLp_r,CTX_r
350,15524,LSFM-Wu,blue,WHOLE_mouse_Brain_AZ10_SR3B_6_A_647,VISam,VIS,CTX,VISam_r,VIS_r,CTX_r
702,7221,LSFM-Wu,blue,WHOLE_mouse_Brain_AZ10_SR3B_6_A_647,VISa,PTLp,CTX,VISa_r,PTLp_r,CTX_r
704,75532,LSFM-Wu,blue,WHOLE_mouse_Brain_AZ10_SR3B_6_A_647,VISa,PTLp,CTX,VISa_r,PTLp_r,CTX_r
706,20507,LSFM-Wu,blue,WHOLE_mouse_Brain_AZ10_SR3B_6_A_647,VISa,PTLp,CTX,VISa_r,PTLp_r,CTX_r
708,1219,LSFM-Wu,blue,WHOLE_mouse_Brain_AZ10_SR3B_6_A_647,VISrl,PTLp,CTX,VISrl_r,PTLp_r,CTX_r
1332,1481,LSFM-Wu,blue,WHOLE_mouse_Brain_AZ10_SR3B_6_A_647,LGd,GENd,TH,LGd_r,GENd_r,TH_r
1588,12690,LSFM-Wu,blue,WHOLE_mouse_Brain_AZ10_SR3B_6_A_647,0,LZ,HY,0_r,LZ_r,HY_r
1482,1275,LSFM-Wu,blue,WHOLE_mouse_Brain_AZ10_SR3B_6_A_647,DMH,PVR,HY,DMH_r,PVR_r,HY_r
1616,1013590,LSFM-Wu,blue,WHOLE_mouse_Brain_AZ10_SR3B_6_A_647,0,MBsen,MB,0_r,MBsen_r,MB_r
1698,13970,LSFM-Wu,blue,WHOLE_mouse_Brain_AZ10_SR3B_6_A_647,OP,PRT,MB,OP_r,PRT_r,MB_r
1682,3819,LSFM-Wu,blue,WHOLE_mouse_Brain_AZ10_SR3B_6_A_647,PAG,MBmot,MB,PAG_r,MBmot_r,MB_r
1304,45998,LSFM-Wu,blue,WHOLE_mouse_Brain_AZ10_SR3B_6_A_647,PoT,VENT,TH,PoT_r,VENT_r,TH_r
1314,2561,LSFM-Wu,blue,WHOLE_mouse_Brain_AZ10_SR3B_6_A_647,PP,DORsm,TH,PP_r,DORsm_r,TH_r
1310,8806,LSFM-Wu,blue,WHOLE_mouse_Brain_AZ10_SR3B_6_A_647,SPFp,SPF,TH,SPFp_r,SPF_r,TH_r
1406,78141,LSFM-Wu,blue,WHOLE_mouse_Brain_AZ10_SR3B_6_A_647,PIL,ILM,TH,PIL_r,ILM_r,TH_r
1578,271,LSFM-Wu,blue,WHOLE_mouse_Brain_AZ10_SR3B_6_A_647,VMH,MEZ,HY,VMH_r,MEZ_r,HY_r
1470,151,LSFM-Wu,blue,WHOLE_mouse_Brain_AZ10_SR3B_6_A_647,0,PVR,HY,0_r,PVR_r,HY_r
918,6013,LSFM-Wu,blue,WHOLE_mouse_Brain_AZ10_SR3B_6_A_647,CA1,CA,CTX,CA1_r,CA_r,CTX_r
1074,7325,LSFM-Wu,blue,WHOLE_mouse_Brain_AZ10_SR3B_6_A_647,SUB,RHP,CTX,SUB_r,RHP_r,CTX_r
984,2672,LSFM-Wu,blue,WHOLE_mouse_Brain_AZ10_SR3B_6_A_647,IG,HIP,CTX,IG_r,HIP_r,CTX_r
205,360,LSFM-Wu,blue,WHOLE_mouse_Brain_AZ10_SR3B_6_A_647,SSs,SS,CTX,SSs_l,SS_l,CTX_l
1603,13127,LSFM-Wu,blue,WHOLE_mouse_Brain_AZ10_SR3B_6_A_647,TU,LZ,HY,TU_l,LZ_l,HY_l
1313,236,LSFM-Wu,blue,WHOLE_mouse_Brain_AZ10_SR3B_6_A_647,PP,DORsm,TH,PP_l,DORsm_l,TH_l
1399,874,LSFM-Wu,blue,WHOLE_mouse_Brain_AZ10_SR3B_6_A_647,PCN,ILM,TH,PCN_l,ILM_l,TH_l
669,4696,LSFM-Wu,blue,WHOLE_mouse_Brain_AZ10_SR3B_6_A_647,RSPv,RSP,CTX,RSPv_l,RSP_l,CTX_l
1481,157,LSFM-Wu,blue,WHOLE_mouse_Brain_AZ10_SR3B_6_A_647,DMH,PVR,HY,DMH_l,PVR_l,HY_l
1587,3555,LSFM-Wu,blue,WHOLE_mouse_Brain_AZ10_SR3B_6_A_647,0,LZ,HY,0_l,LZ_l,HY_l
1468,40,LSFM-Wu,blue,WHOLE_mouse_Brain_AZ10_SR3B_6_A_647,ARH,PVZ,HY,ARH_r,PVZ_r,HY_r
1681,410,LSFM-Wu,blue,WHOLE_mouse_Brain_AZ10_SR3B_6_A_647,PAG,MBmot,MB,PAG_l,MBmot_l,MB_l
1309,281,LSFM-Wu,blue,WHOLE_mouse_Brain_AZ10_SR3B_6_A_647,SPFp,SPF,TH,SPFp_l,SPF_l,TH_l
1413,385,LSFM-Wu,blue,WHOLE_mouse_Brain_AZ10_SR3B_6_A_647,IntG,GENv,TH,IntG_l,GENv_l,TH_l
711,205,LSFM-Wu,blue,WHOLE_mouse_Brain_AZ10_SR3B_6_A_647,VISrl,PTLp,CTX,VISrl_l,PTLp_l,CTX_l
249,14,LSFM-Wu,blue,WHOLE_mouse_Brain_AZ10_SR3B_6_A_647,AUDd,AUD,CTX,AUDd_l,AUD_l,CTX_l
251,289,LSFM-Wu,blue,WHOLE_mouse_Brain_AZ10_SR3B_6_A_647,AUDd,AUD,CTX,AUDd_l,AUD_l,CTX_l
1129,60,LSFM-Wu,blue,WHOLE_mouse_Brain_AZ10_SR3B_6_A_647,BLA,CTXsp,CTX,BLA_l,CTXsp_l,CTX_l
891,628,LSFM-Wu,blue,WHOLE_mouse_Brain_AZ10_SR3B_6_A_647,PAA,OLF,CTX,PAA_l,OLF_l,CTX_l
726,10111,LSFM-Wu,blue,WHOLE_mouse_Brain_AZ10_SR3B_6_A_647,TEa,Isocortex,CTX,TEa_r,Isocortex_r,CTX_r
752,1034,LSFM-Wu,blue,WHOLE_mouse_Brain_AZ10_SR3B_6_A_647,ECT,Isocortex,CTX,ECT_r,Isocortex_r,CTX_r
306,7866,LSFM-Wu,blue,WHOLE_mouse_Brain_AZ10_SR3B_6_A_647,AUDv,AUD,CTX,AUDv_r,AUD_r,CTX_r
1133,163,LSFM-Wu,blue,WHOLE_mouse_Brain_AZ10_SR3B_6_A_647,BMA,CTXsp,CTX,BMA_l,CTXsp_l,CTX_l
1692,205306,LSFM-Wu,blue,WHOLE_mouse_Brain_AZ10_SR3B_6_A_647,MPT,PRT,MB,MPT_r,PRT_r,MB_r
1598,65899,LSFM-Wu,blue,WHOLE_mouse_Brain_AZ10_SR3B_6_A_647,PeF,LZ,HY,PeF_r,LZ_r,HY_r
1344,38194,LSFM-Wu,blue,WHOLE_mouse_Brain_AZ10_SR3B_6_A_647,SGN,LAT,TH,SGN_r,LAT_r,TH_r
1348,68417,LSFM-Wu,blue,WHOLE_mouse_Brain_AZ10_SR3B_6_A_647,0,LAT,TH,0_r,LAT_r,TH_r
1300,38002,LSFM-Wu,blue,WHOLE_mouse_Brain_AZ10_SR3B_6_A_647,VPM,VP,TH,VPM_r,VP_r,TH_r
1606,245,LSFM-Wu,blue,WHOLE_mouse_Brain_AZ10_SR3B_6_A_647,ZI,LZ,HY,ZI_r,LZ_r,HY_r
912,1557,LSFM-Wu,blue,WHOLE_mouse_Brain_AZ10_SR3B_6_A_647,0,HIP,CTX,0_r,HIP_r,CTX_r
1596,12251,LSFM-Wu,blue,WHOLE_mouse_Brain_AZ10_SR3B_6_A_647,PSTN,LZ,HY,PSTN_r,LZ_r,HY_r
352,7450,LSFM-Wu,blue,WHOLE_mouse_Brain_AZ10_SR3B_6_A_647,VISam,VIS,CTX,VISam_r,VIS_r,CTX_r
354,99181,LSFM-Wu,blue,WHOLE_mouse_Brain_AZ10_SR3B_6_A_647,VISam,VIS,CTX,VISam_r,VIS_r,CTX_r
356,13555,LSFM-Wu,blue,WHOLE_mouse_Brain_AZ10_SR3B_6_A_647,VISam,VIS,CTX,VISam_r,VIS_r,CTX_r
358,726,LSFM-Wu,blue,WHOLE_mouse_Brain_AZ10_SR3B_6_A_647,VISl,VIS,CTX,VISl_r,VIS_r,CTX_r
250,14498,LSFM-Wu,blue,WHOLE_mouse_Brain_AZ10_SR3B_6_A_647,AUDd,AUD,CTX,AUDd_r,AUD_r,CTX_r
278,6459,LSFM-Wu,blue,WHOLE_mouse_Brain_AZ10_SR3B_6_A_647,AUDp,AUD,CTX,AUDp_r,AUD_r,CTX_r
280,350,LSFM-Wu,blue,WHOLE_mouse_Brain_AZ10_SR3B_6_A_647,AUDp,AUD,CTX,AUDp_r,AUD_r,CTX_r
308,4963,LSFM-Wu,blue,WHOLE_mouse_Brain_AZ10_SR3B_6_A_647,AUDv,AUD,CTX,AUDv_r,AUD_r,CTX_r
310,1515,LSFM-Wu,blue,WHOLE_mouse_Brain_AZ10_SR3B_6_A_647,AUDv,AUD,CTX,AUDv_r,AUD_r,CTX_r
728,8986,LSFM-Wu,blue,WHOLE_mouse_Brain_AZ10_SR3B_6_A_647,TEa,Isocortex,CTX,TEa_r,Isocortex_r,CTX_r
730,3633,LSFM-Wu,blue,WHOLE_mouse_Brain_AZ10_SR3B_6_A_647,TEa,Isocortex,CTX,TEa_r,Isocortex_r,CTX_r
732,23595,LSFM-Wu,blue,WHOLE_mouse_Brain_AZ10_SR3B_6_A_647,TEa,Isocortex,CTX,TEa_r,Isocortex_r,CTX_r
740,378,LSFM-Wu,blue,WHOLE_mouse_Brain_AZ10_SR3B_6_A_647,PERI,Isocortex,CTX,PERI_r,Isocortex_r,CTX_r
1004,451,LSFM-Wu,blue,WHOLE_mouse_Brain_AZ10_SR3B_6_A_647,ENTl,ENT,CTX,ENTl_r,ENT_r,CTX_r
994,2576,LSFM-Wu,blue,WHOLE_mouse_Brain_AZ10_SR3B_6_A_647,ENTl,ENT,CTX,ENTl_r,ENT_r,CTX_r
996,345,LSFM-Wu,blue,WHOLE_mouse_Brain_AZ10_SR3B_6_A_647,ENTl,ENT,CTX,ENTl_r,ENT_r,CTX_r
754,574,LSFM-Wu,blue,WHOLE_mouse_Brain_AZ10_SR3B_6_A_647,ECT,Isocortex,CTX,ECT_r,Isocortex_r,CTX_r
252,8275,LSFM-Wu,blue,WHOLE_mouse_Brain_AZ10_SR3B_6_A_647,AUDd,AUD,CTX,AUDd_r,AUD_r,CTX_r
282,153,LSFM-Wu,blue,WHOLE_mouse_Brain_AZ10_SR3B_6_A_647,AUDp,AUD,CTX,AUDp_r,AUD_r,CTX_r
868,952,LSFM-Wu,blue,WHOLE_mouse_Brain_AZ10_SR3B_6_A_647,COAp,COA,CTX,COAp_r,COA_r,CTX_r
1140,6,LSFM-Wu,blue,WHOLE_mouse_Brain_AZ10_SR3B_6_A_647,PA,CTXsp,CTX,PA_r,CTXsp_r,CTX_r
718,210,LSFM-Wu,blue,WHOLE_mouse_Brain_AZ10_SR3B_6_A_647,VISrl,PTLp,CTX,VISrl_r,PTLp_r,CTX_r
720,290,LSFM-Wu,blue,WHOLE_mouse_Brain_AZ10_SR3B_6_A_647,VISrl,PTLp,CTX,VISrl_r,PTLp_r,CTX_r
722,111,LSFM-Wu,blue,WHOLE_mouse_Brain_AZ10_SR3B_6_A_647,TEa,Isocortex,CTX,TEa_r,Isocortex_r,CTX_r
880,8,LSFM-Wu,blue,WHOLE_mouse_Brain_AZ10_SR3B_6_A_647,COAp,COA,CTX,COAp_r,COA_r,CTX_r
712,4165,LSFM-Wu,blue,WHOLE_mouse_Brain_AZ10_SR3B_6_A_647,VISrl,PTLp,CTX,VISrl_r,PTLp_r,CTX_r
714,217,LSFM-Wu,blue,WHOLE_mouse_Brain_AZ10_SR3B_6_A_647,VISrl,PTLp,CTX,VISrl_r,PTLp_r,CTX_r
312,24835,LSFM-Wu,blue,WHOLE_mouse_Brain_AZ10_SR3B_6_A_647,AUDv,AUD,CTX,AUDv_r,AUD_r,CTX_r
314,3367,LSFM-Wu,blue,WHOLE_mouse_Brain_AZ10_SR3B_6_A_647,AUDv,AUD,CTX,AUDv_r,AUD_r,CTX_r
734,837,LSFM-Wu,blue,WHOLE_mouse_Brain_AZ10_SR3B_6_A_647,TEa,Isocortex,CTX,TEa_r,Isocortex_r,CTX_r
744,15,LSFM-Wu,blue,WHOLE_mouse_Brain_AZ10_SR3B_6_A_647,PERI,Isocortex,CTX,PERI_r,Isocortex_r,CTX_r
1010,316,LSFM-Wu,blue,WHOLE_mouse_Brain_AZ10_SR3B_6_A_647,ENTl,ENT,CTX,ENTl_r,ENT_r,CTX_r
1014,965,LSFM-Wu,blue,WHOLE_mouse_Brain_AZ10_SR3B_6_A_647,ENTl,ENT,CTX,ENTl_r,ENT_r,CTX_r
756,243,LSFM-Wu,blue,WHOLE_mouse_Brain_AZ10_SR3B_6_A_647,ECT,Isocortex,CTX,ECT_r,Isocortex_r,CTX_r
758,281,LSFM-Wu,blue,WHOLE_mouse_Brain_AZ10_SR3B_6_A_647,ECT,Isocortex,CTX,ECT_r,Isocortex_r,CTX_r
742,260,LSFM-Wu,blue,WHOLE_mouse_Brain_AZ10_SR3B_6_A_647,PERI,Isocortex,CTX,PERI_r,Isocortex_r,CTX_r
746,46,LSFM-Wu,blue,WHOLE_mouse_Brain_AZ10_SR3B_6_A_647,PERI,Isocortex,CTX,PERI_r,Isocortex_r,CTX_r
256,9433,LSFM-Wu,blue,WHOLE_mouse_Brain_AZ10_SR3B_6_A_647,AUDd,AUD,CTX,AUDd_r,AUD_r,CTX_r
284,1326,LSFM-Wu,blue,WHOLE_mouse_Brain_AZ10_SR3B_6_A_647,AUDp,AUD,CTX,AUDp_r,AUD_r,CTX_r
254,2827,LSFM-Wu,blue,WHOLE_mouse_Brain_AZ10_SR3B_6_A_647,AUDd,AUD,CTX,AUDd_r,AUD_r,CTX_r
258,1149,LSFM-Wu,blue,WHOLE_mouse_Brain_AZ10_SR3B_6_A_647,AUDd,AUD,CTX,AUDd_r,AUD_r,CTX_r
1126,2015,LSFM-Wu,blue,WHOLE_mouse_Brain_AZ10_SR3B_6_A_647,BLA,CTXsp,CTX,BLA_r,CTXsp_r,CTX_r
1132,2021,LSFM-Wu,blue,WHOLE_mouse_Brain_AZ10_SR3B_6_A_647,BLA,CTXsp,CTX,BLA_r,CTXsp_r,CTX_r
1134,397,LSFM-Wu,blue,WHOLE_mouse_Brain_AZ10_SR3B_6_A_647,BMA,CTXsp,CTX,BMA_r,CTXsp_r,CTX_r
1595,790,LSFM-Wu,blue,WHOLE_mouse_Brain_AZ10_SR3B_6_A_647,PSTN,LZ,HY,PSTN_l,LZ_l,HY_l
347,28,LSFM-Wu,blue,WHOLE_mouse_Brain_AZ10_SR3B_6_A_647,VISam,VIS,CTX,VISam_l,VIS_l,CTX_l
760,2,LSFM-Wu,blue,WHOLE_mouse_Brain_AZ10_SR3B_6_A_647,0,OLF,CTX,0_r,OLF_r,CTX_r
736,66,LSFM-Wu,blue,WHOLE_mouse_Brain_AZ10_SR3B_6_A_647,PERI,Isocortex,CTX,PERI_r,Isocortex_r,CTX_r
286,300,LSFM-Wu,blue,WHOLE_mouse_Brain_AZ10_SR3B_6_A_647,AUDp,AUD,CTX,AUDp_r,AUD_r,CTX_r
260,91,LSFM-Wu,blue,WHOLE_mouse_Brain_AZ10_SR3B_6_A_647,AUDd,AUD,CTX,AUDd_r,AUD_r,CTX_r
316,22,LSFM-Wu,blue,WHOLE_mouse_Brain_AZ10_SR3B_6_A_647,0,VIS,CTX,0_r,VIS_r,CTX_r
1331,97,LSFM-Wu,blue,WHOLE_mouse_Brain_AZ10_SR3B_6_A_647,LGd,GENd,TH,LGd_l,GENd_l,TH_l
1469,13,LSFM-Wu,blue,WHOLE_mouse_Brain_AZ10_SR3B_6_A_647,0,PVR,HY,0_l,PVR_l,HY_l
917,2872,LSFM-Wu,blue,WHOLE_mouse_Brain_AZ10_SR3B_6_A_647,CA1,CA,CTX,CA1_l,CA_l,CTX_l
911,123,LSFM-Wu,blue,WHOLE_mouse_Brain_AZ10_SR3B_6_A_647,0,HIP,CTX,0_l,HIP_l,CTX_l
1427,74,LSFM-Wu,blue,WHOLE_mouse_Brain_AZ10_SR3B_6_A_647,LH,EPI,TH,LH_l,EPI_l,TH_l
1697,1140,LSFM-Wu,blue,WHOLE_mouse_Brain_AZ10_SR3B_6_A_647,OP,PRT,MB,OP_l,PRT_l,MB_l
1073,272,LSFM-Wu,blue,WHOLE_mouse_Brain_AZ10_SR3B_6_A_647,SUB,RHP,CTX,SUB_l,RHP_l,CTX_l
673,2747,LSFM-Wu,blue,WHOLE_mouse_Brain_AZ10_SR3B_6_A_647,RSPv,RSP,CTX,RSPv_l,RSP_l,CTX_l
279,105,LSFM-Wu,blue,WHOLE_mouse_Brain_AZ10_SR3B_6_A_647,AUDp,AUD,CTX,AUDp_l,AUD_l,CTX_l
277,1312,LSFM-Wu,blue,WHOLE_mouse_Brain_AZ10_SR3B_6_A_647,AUDp,AUD,CTX,AUDp_l,AUD_l,CTX_l
305,838,LSFM-Wu,blue,WHOLE_mouse_Brain_AZ10_SR3B_6_A_647,AUDv,AUD,CTX,AUDv_l,AUD_l,CTX_l
751,86,LSFM-Wu,blue,WHOLE_mouse_Brain_AZ10_SR3B_6_A_647,ECT,Isocortex,CTX,ECT_l,Isocortex_l,CTX_l
739,44,LSFM-Wu,blue,WHOLE_mouse_Brain_AZ10_SR3B_6_A_647,PERI,Isocortex,CTX,PERI_l,Isocortex_l,CTX_l
1950,66,LSFM-Wu,blue,WHOLE_mouse_Brain_AZ10_SR3B_6_A_647,0,MY-mot,HB,0_r,MY-mot_r,HB_r
1986,16,LSFM-Wu,blue,WHOLE_mouse_Brain_AZ10_SR3B_6_A_647,PGRNl,PGRN,HB,PGRNl_r,PGRN_r,HB_r
1895,35,LSFM-Wu,blue,WHOLE_mouse_Brain_AZ10_SR3B_6_A_647,NTB,MY-sen,HB,NTB_l,MY-sen_l,HB_l
1963,3036,LSFM-Wu,blue,WHOLE_mouse_Brain_AZ10_SR3B_6_A_647,LRN,MY-mot,HB,LRN_l,MY-mot_l,HB_l
1969,13562,LSFM-Wu,blue,WHOLE_mouse_Brain_AZ10_SR3B_6_A_647,MARN,MY-mot,HB,MARN_l,MY-mot_l,HB_l
1970,1612,LSFM-Wu,blue,WHOLE_mouse_Brain_AZ10_SR3B_6_A_647,MARN,MY-mot,HB,MARN_r,MY-mot_r,HB_r
2198,3,LSFM-Wu,blue,WHOLE_mouse_Brain_AZ10_SR3B_6_A_647,IP,CBN,CB,IP_r,CBN_r,CB_r
1964,17,LSFM-Wu,blue,WHOLE_mouse_Brain_AZ10_SR3B_6_A_647,LRN,MY-mot,HB,LRN_r,MY-mot_r,HB_r
1949,333,LSFM-Wu,blue,WHOLE_mouse_Brain_AZ10_SR3B_6_A_647,0,MY-mot,HB,0_l,MY-mot_l,HB_l
2197,1065,LSFM-Wu,blue,WHOLE_mouse_Brain_AZ10_SR3B_6_A_647,IP,CBN,CB,IP_l,CBN_l,CB_l
542,12717,LSFM-Wu,blue,WHOLE_mouse_Brain_AZ10_SR3B_6_A_647,ORBm,ORB,CTX,ORBm_r,ORB_r,CTX_r
490,122399,LSFM-Wu,blue,WHOLE_mouse_Brain_AZ10_SR3B_6_A_647,PL,Isocortex,CTX,PL_r,Isocortex_r,CTX_r
556,3991,LSFM-Wu,blue,WHOLE_mouse_Brain_AZ10_SR3B_6_A_647,ORBvl,ORB,CTX,ORBvl_r,ORB_r,CTX_r
24,20403,LSFM-Wu,blue,WHOLE_mouse_Brain_AZ10_SR3B_6_A_647,FRP,Isocortex,CTX,FRP_r,Isocortex_r,CTX_r
23,18917,LSFM-Wu,blue,WHOLE_mouse_Brain_AZ10_SR3B_6_A_647,FRP,Isocortex,CTX,FRP_l,Isocortex_l,CTX_l
527,12851,LSFM-Wu,blue,WHOLE_mouse_Brain_AZ10_SR3B_6_A_647,ORBl,ORB,CTX,ORBl_l,ORB_l,CTX_l
565,14400,LSFM-Wu,blue,WHOLE_mouse_Brain_AZ10_SR3B_6_A_647,AId,AI,CTX,AId_l,AI_l,CTX_l
528,15750,LSFM-Wu,blue,WHOLE_mouse_Brain_AZ10_SR3B_6_A_647,ORBl,ORB,CTX,ORBl_r,ORB_r,CTX_r
489,15210,LSFM-Wu,blue,WHOLE_mouse_Brain_AZ10_SR3B_6_A_647,PL,Isocortex,CTX,PL_l,Isocortex_l,CTX_l
541,4332,LSFM-Wu,blue,WHOLE_mouse_Brain_AZ10_SR3B_6_A_647,ORBm,ORB,CTX,ORBm_l,ORB_l,CTX_l
555,280,LSFM-Wu,blue,WHOLE_mouse_Brain_AZ10_SR3B_6_A_647,ORBvl,ORB,CTX,ORBvl_l,ORB_l,CTX_l
378,6649,LSFM-Wu,blue,WHOLE_mouse_Brain_AZ10_SR3B_6_A_647,VISp,VIS,CTX,VISp_r,VIS_r,CTX_r
380,2723,LSFM-Wu,blue,WHOLE_mouse_Brain_AZ10_SR3B_6_A_647,VISp,VIS,CTX,VISp_r,VIS_r,CTX_r
1112,967,LSFM-Wu,blue,WHOLE_mouse_Brain_AZ10_SR3B_6_A_647,0,CTXsp,CTX,0_r,CTXsp_r,CTX_r
1058,7109,LSFM-Wu,blue,WHOLE_mouse_Brain_AZ10_SR3B_6_A_647,POST,RHP,CTX,POST_r,RHP_r,CTX_r
1640,417,LSFM-Wu,blue,WHOLE_mouse_Brain_AZ10_SR3B_6_A_647,MEV,MBsen,MB,MEV_r,MBsen_r,MB_r
1066,1362,LSFM-Wu,blue,WHOLE_mouse_Brain_AZ10_SR3B_6_A_647,PRE,RHP,CTX,PRE_r,RHP_r,CTX_r
1050,1241,LSFM-Wu,blue,WHOLE_mouse_Brain_AZ10_SR3B_6_A_647,PAR,RHP,CTX,PAR_r,RHP_r,CTX_r
1774,11090,LSFM-Wu,blue,WHOLE_mouse_Brain_AZ10_SR3B_6_A_647,NLL,P-sen,HB,NLL_r,P-sen_r,HB_r
1634,16645,LSFM-Wu,blue,WHOLE_mouse_Brain_AZ10_SR3B_6_A_647,NB,MBsen,MB,NB_r,MBsen_r,MB_r
382,7244,LSFM-Wu,blue,WHOLE_mouse_Brain_AZ10_SR3B_6_A_647,VISp,VIS,CTX,VISp_r,VIS_r,CTX_r
1680,114764,LSFM-Wu,blue,WHOLE_mouse_Brain_AZ10_SR3B_6_A_647,PAG,MBmot,MB,PAG_r,MBmot_r,MB_r
1656,921497,LSFM-Wu,blue,WHOLE_mouse_Brain_AZ10_SR3B_6_A_647,MRN,MBmot,MB,MRN_r,MBmot_r,MB_r
1738,26914,LSFM-Wu,blue,WHOLE_mouse_Brain_AZ10_SR3B_6_A_647,0,RAmb,MB,0_r,RAmb_r,MB_r
1724,816,LSFM-Wu,blue,WHOLE_mouse_Brain_AZ10_SR3B_6_A_647,LT,MBmot,MB,LT_r,MBmot_r,MB_r
1866,32169,LSFM-Wu,blue,WHOLE_mouse_Brain_AZ10_SR3B_6_A_647,RPO,P-sat,HB,RPO_r,P-sat_r,HB_r
1770,117415,LSFM-Wu,blue,WHOLE_mouse_Brain_AZ10_SR3B_6_A_647,0,P-sen,HB,0_r,P-sen_r,HB_r
1666,25950,LSFM-Wu,blue,WHOLE_mouse_Brain_AZ10_SR3B_6_A_647,SCm,MBmot,MB,SCm_r,MBmot_r,MB_r
1668,6080,LSFM-Wu,blue,WHOLE_mouse_Brain_AZ10_SR3B_6_A_647,SCm,MBmot,MB,SCm_r,MBmot_r,MB_r
1854,9993,LSFM-Wu,blue,WHOLE_mouse_Brain_AZ10_SR3B_6_A_647,CS,P-sat,HB,CS_r,P-sat_r,HB_r
1828,411765,LSFM-Wu,blue,WHOLE_mouse_Brain_AZ10_SR3B_6_A_647,PRNc,P-mot,HB,PRNc_r,P-mot_r,HB_r
1672,119386,LSFM-Wu,blue,WHOLE_mouse_Brain_AZ10_SR3B_6_A_647,SCm,MBmot,MB,SCm_r,MBmot_r,MB_r
1670,84380,LSFM-Wu,blue,WHOLE_mouse_Brain_AZ10_SR3B_6_A_647,SCm,MBmot,MB,SCm_r,MBmot_r,MB_r
1712,18,LSFM-Wu,blue,WHOLE_mouse_Brain_AZ10_SR3B_6_A_647,MA3,MBmot,MB,MA3_r,MBmot_r,MB_r
1718,1,LSFM-Wu,blue,WHOLE_mouse_Brain_AZ10_SR3B_6_A_647,Pa4,MBmot,MB,Pa4_r,MBmot_r,MB_r
1720,191,LSFM-Wu,blue,WHOLE_mouse_Brain_AZ10_SR3B_6_A_647,VTN,MBmot,MB,VTN_r,MBmot_r,MB_r
1840,29104,LSFM-Wu,blue,WHOLE_mouse_Brain_AZ10_SR3B_6_A_647,V,P-mot,HB,V_r,P-mot_r,HB_r
1624,9621,LSFM-Wu,blue,WHOLE_mouse_Brain_AZ10_SR3B_6_A_647,SCs,MBsen,MB,SCs_r,MBsen_r,MB_r
1622,10820,LSFM-Wu,blue,WHOLE_mouse_Brain_AZ10_SR3B_6_A_647,SCs,MBsen,MB,SCs_r,MBsen_r,MB_r
1688,2171,LSFM-Wu,blue,WHOLE_mouse_Brain_AZ10_SR3B_6_A_647,0,PRT,MB,0_r,PRT_r,MB_r
1654,7702,LSFM-Wu,blue,WHOLE_mouse_Brain_AZ10_SR3B_6_A_647,MRN,MBmot,MB,MRN_r,MBmot_r,MB_r
1626,2754,LSFM-Wu,blue,WHOLE_mouse_Brain_AZ10_SR3B_6_A_647,IC,MBsen,MB,IC_r,MBsen_r,MB_r
1708,1588,LSFM-Wu,blue,WHOLE_mouse_Brain_AZ10_SR3B_6_A_647,RN,MBmot,MB,RN_r,MBmot_r,MB_r
1810,432,LSFM-Wu,blue,WHOLE_mouse_Brain_AZ10_SR3B_6_A_647,SOC,P-sen,HB,SOC_r,P-sen_r,HB_r
1638,2631,LSFM-Wu,blue,WHOLE_mouse_Brain_AZ10_SR3B_6_A_647,PBG,MBsen,MB,PBG_r,MBsen_r,MB_r
434,6377,LSFM-Wu,blue,WHOLE_mouse_Brain_AZ10_SR3B_6_A_647,VISpor,VIS,CTX,VISpor_r,VIS_r,CTX_r
436,48,LSFM-Wu,blue,WHOLE_mouse_Brain_AZ10_SR3B_6_A_647,VISpor,VIS,CTX,VISpor_r,VIS_r,CTX_r
438,86,LSFM-Wu,blue,WHOLE_mouse_Brain_AZ10_SR3B_6_A_647,VISpor,VIS,CTX,VISpor_r,VIS_r,CTX_r
364,3296,LSFM-Wu,blue,WHOLE_mouse_Brain_AZ10_SR3B_6_A_647,VISl,VIS,CTX,VISl_r,VIS_r,CTX_r
420,202,LSFM-Wu,blue,WHOLE_mouse_Brain_AZ10_SR3B_6_A_647,VISli,VIS,CTX,VISli_r,VIS_r,CTX_r
377,11230,LSFM-Wu,blue,WHOLE_mouse_Brain_AZ10_SR3B_6_A_647,VISp,VIS,CTX,VISp_l,VIS_l,CTX_l
363,2505,LSFM-Wu,blue,WHOLE_mouse_Brain_AZ10_SR3B_6_A_647,VISl,VIS,CTX,VISl_l,VIS_l,CTX_l
365,184,LSFM-Wu,blue,WHOLE_mouse_Brain_AZ10_SR3B_6_A_647,VISl,VIS,CTX,VISl_l,VIS_l,CTX_l
367,60,LSFM-Wu,blue,WHOLE_mouse_Brain_AZ10_SR3B_6_A_647,VISl,VIS,CTX,VISl_l,VIS_l,CTX_l
395,1964,LSFM-Wu,blue,WHOLE_mouse_Brain_AZ10_SR3B_6_A_647,VISpl,VIS,CTX,VISpl_l,VIS_l,CTX_l
421,6,LSFM-Wu,blue,WHOLE_mouse_Brain_AZ10_SR3B_6_A_647,VISli,VIS,CTX,VISli_l,VIS_l,CTX_l
423,1,LSFM-Wu,blue,WHOLE_mouse_Brain_AZ10_SR3B_6_A_647,VISli,VIS,CTX,VISli_l,VIS_l,CTX_l
397,45,LSFM-Wu,blue,WHOLE_mouse_Brain_AZ10_SR3B_6_A_647,VISpl,VIS,CTX,VISpl_l,VIS_l,CTX_l
437,903,LSFM-Wu,blue,WHOLE_mouse_Brain_AZ10_SR3B_6_A_647,VISpor,VIS,CTX,VISpor_l,VIS_l,CTX_l
439,334,LSFM-Wu,blue,WHOLE_mouse_Brain_AZ10_SR3B_6_A_647,VISpor,VIS,CTX,VISpor_l,VIS_l,CTX_l
375,1181,LSFM-Wu,blue,WHOLE_mouse_Brain_AZ10_SR3B_6_A_647,VISp,VIS,CTX,VISp_l,VIS_l,CTX_l
361,197,LSFM-Wu,blue,WHOLE_mouse_Brain_AZ10_SR3B_6_A_647,VISl,VIS,CTX,VISl_l,VIS_l,CTX_l
379,680,LSFM-Wu,blue,WHOLE_mouse_Brain_AZ10_SR3B_6_A_647,VISp,VIS,CTX,VISp_l,VIS_l,CTX_l
391,3772,LSFM-Wu,blue,WHOLE_mouse_Brain_AZ10_SR3B_6_A_647,VISpl,VIS,CTX,VISpl_l,VIS_l,CTX_l
1853,4955,LSFM-Wu,blue,WHOLE_mouse_Brain_AZ10_SR3B_6_A_647,CS,P-sat,HB,CS_l,P-sat_l,HB_l
1839,6964,LSFM-Wu,blue,WHOLE_mouse_Brain_AZ10_SR3B_6_A_647,V,P-mot,HB,V_l,P-mot_l,HB_l
1769,118977,LSFM-Wu,blue,WHOLE_mouse_Brain_AZ10_SR3B_6_A_647,0,P-sen,HB,0_l,P-sen_l,HB_l
1827,42017,LSFM-Wu,blue,WHOLE_mouse_Brain_AZ10_SR3B_6_A_647,PRNc,P-mot,HB,PRNc_l,P-mot_l,HB_l
1671,8090,LSFM-Wu,blue,WHOLE_mouse_Brain_AZ10_SR3B_6_A_647,SCm,MBmot,MB,SCm_l,MBmot_l,MB_l
1621,973,LSFM-Wu,blue,WHOLE_mouse_Brain_AZ10_SR3B_6_A_647,SCs,MBsen,MB,SCs_l,MBsen_l,MB_l
1669,8284,LSFM-Wu,blue,WHOLE_mouse_Brain_AZ10_SR3B_6_A_647,SCm,MBmot,MB,SCm_l,MBmot_l,MB_l
1665,4481,LSFM-Wu,blue,WHOLE_mouse_Brain_AZ10_SR3B_6_A_647,SCm,MBmot,MB,SCm_l,MBmot_l,MB_l
1667,669,LSFM-Wu,blue,WHOLE_mouse_Brain_AZ10_SR3B_6_A_647,SCm,MBmot,MB,SCm_l,MBmot_l,MB_l
1679,27389,LSFM-Wu,blue,WHOLE_mouse_Brain_AZ10_SR3B_6_A_647,PAG,MBmot,MB,PAG_l,MBmot_l,MB_l
1717,249,LSFM-Wu,blue,WHOLE_mouse_Brain_AZ10_SR3B_6_A_647,Pa4,MBmot,MB,Pa4_l,MBmot_l,MB_l
1711,2,LSFM-Wu,blue,WHOLE_mouse_Brain_AZ10_SR3B_6_A_647,MA3,MBmot,MB,MA3_l,MBmot_l,MB_l
1655,149021,LSFM-Wu,blue,WHOLE_mouse_Brain_AZ10_SR3B_6_A_647,MRN,MBmot,MB,MRN_l,MBmot_l,MB_l
1764,9651,LSFM-Wu,blue,WHOLE_mouse_Brain_AZ10_SR3B_6_A_647,DR,RAmb,MB,DR_r,RAmb_r,MB_r
1723,88,LSFM-Wu,blue,WHOLE_mouse_Brain_AZ10_SR3B_6_A_647,LT,MBmot,MB,LT_l,MBmot_l,MB_l
1625,963,LSFM-Wu,blue,WHOLE_mouse_Brain_AZ10_SR3B_6_A_647,IC,MBsen,MB,IC_l,MBsen_l,MB_l
1623,1553,LSFM-Wu,blue,WHOLE_mouse_Brain_AZ10_SR3B_6_A_647,SCs,MBsen,MB,SCs_l,MBsen_l,MB_l
1763,8446,LSFM-Wu,blue,WHOLE_mouse_Brain_AZ10_SR3B_6_A_647,DR,RAmb,MB,DR_l,RAmb_l,MB_l
1111,7201,LSFM-Wu,blue,WHOLE_mouse_Brain_AZ10_SR3B_6_A_647,0,CTXsp,CTX,0_l,CTXsp_l,CTX_l
1057,5616,LSFM-Wu,blue,WHOLE_mouse_Brain_AZ10_SR3B_6_A_647,POST,RHP,CTX,POST_l,RHP_l,CTX_l
1633,18266,LSFM-Wu,blue,WHOLE_mouse_Brain_AZ10_SR3B_6_A_647,NB,MBsen,MB,NB_l,MBsen_l,MB_l
1773,56655,LSFM-Wu,blue,WHOLE_mouse_Brain_AZ10_SR3B_6_A_647,NLL,P-sen,HB,NLL_l,P-sen_l,HB_l
1737,111926,LSFM-Wu,blue,WHOLE_mouse_Brain_AZ10_SR3B_6_A_647,0,RAmb,MB,0_l,RAmb_l,MB_l
1781,30447,LSFM-Wu,blue,WHOLE_mouse_Brain_AZ10_SR3B_6_A_647,PB,P-sen,HB,PB_l,P-sen_l,HB_l
1637,57,LSFM-Wu,blue,WHOLE_mouse_Brain_AZ10_SR3B_6_A_647,PBG,MBsen,MB,PBG_l,MBsen_l,MB_l
1639,583,LSFM-Wu,blue,WHOLE_mouse_Brain_AZ10_SR3B_6_A_647,MEV,MBsen,MB,MEV_l,MBsen_l,MB_l
1865,39384,LSFM-Wu,blue,WHOLE_mouse_Brain_AZ10_SR3B_6_A_647,RPO,P-sat,HB,RPO_l,P-sat_l,HB_l
1719,253,LSFM-Wu,blue,WHOLE_mouse_Brain_AZ10_SR3B_6_A_647,VTN,MBmot,MB,VTN_l,MBmot_l,MB_l
1687,660,LSFM-Wu,blue,WHOLE_mouse_Brain_AZ10_SR3B_6_A_647,0,PRT,MB,0_l,PRT_l,MB_l
433,34,LSFM-Wu,blue,WHOLE_mouse_Brain_AZ10_SR3B_6_A_647,VISpor,VIS,CTX,VISpor_l,VIS_l,CTX_l
419,178,LSFM-Wu,blue,WHOLE_mouse_Brain_AZ10_SR3B_6_A_647,VISli,VIS,CTX,VISli_l,VIS_l,CTX_l
1847,7769,LSFM-Wu,blue,WHOLE_mouse_Brain_AZ10_SR3B_6_A_647,I5,P-mot,HB,I5_l,P-mot_l,HB_l
1809,3142,LSFM-Wu,blue,WHOLE_mouse_Brain_AZ10_SR3B_6_A_647,SOC,P-sen,HB,SOC_l,P-sen_l,HB_l
1653,9325,LSFM-Wu,blue,WHOLE_mouse_Brain_AZ10_SR3B_6_A_647,MRN,MBmot,MB,MRN_l,MBmot_l,MB_l
1707,4599,LSFM-Wu,blue,WHOLE_mouse_Brain_AZ10_SR3B_6_A_647,RN,MBmot,MB,RN_l,MBmot_l,MB_l
1065,1680,LSFM-Wu,blue,WHOLE_mouse_Brain_AZ10_SR3B_6_A_647,PRE,RHP,CTX,PRE_l,RHP_l,CTX_l
381,7,LSFM-Wu,blue,WHOLE_mouse_Brain_AZ10_SR3B_6_A_647,VISp,VIS,CTX,VISp_l,VIS_l,CTX_l
1049,1503,LSFM-Wu,blue,WHOLE_mouse_Brain_AZ10_SR3B_6_A_647,PAR,RHP,CTX,PAR_l,RHP_l,CTX_l
362,1043,LSFM-Wu,blue,WHOLE_mouse_Brain_AZ10_SR3B_6_A_647,VISl,VIS,CTX,VISl_r,VIS_r,CTX_r
366,5,LSFM-Wu,blue,WHOLE_mouse_Brain_AZ10_SR3B_6_A_647,VISl,VIS,CTX,VISl_r,VIS_r,CTX_r
1032,303,LSFM-Wu,blue,WHOLE_mouse_Brain_AZ10_SR3B_6_A_647,ENTm,ENT,CTX,ENTm_r,ENT_r,CTX_r
1028,1275,LSFM-Wu,blue,WHOLE_mouse_Brain_AZ10_SR3B_6_A_647,ENTm,ENT,CTX,ENTm_r,ENT_r,CTX_r
1022,1274,LSFM-Wu,blue,WHOLE_mouse_Brain_AZ10_SR3B_6_A_647,ENTm,ENT,CTX,ENTm_r,ENT_r,CTX_r
440,53,LSFM-Wu,blue,WHOLE_mouse_Brain_AZ10_SR3B_6_A_647,VISpor,VIS,CTX,VISpor_r,VIS_r,CTX_r
368,2,LSFM-Wu,blue,WHOLE_mouse_Brain_AZ10_SR3B_6_A_647,VISl,VIS,CTX,VISl_r,VIS_r,CTX_r
396,75,LSFM-Wu,blue,WHOLE_mouse_Brain_AZ10_SR3B_6_A_647,VISpl,VIS,CTX,VISpl_r,VIS_r,CTX_r
1003,279,LSFM-Wu,blue,WHOLE_mouse_Brain_AZ10_SR3B_6_A_647,ENTl,ENT,CTX,ENTl_l,ENT_l,CTX_l
995,4031,LSFM-Wu,blue,WHOLE_mouse_Brain_AZ10_SR3B_6_A_647,ENTl,ENT,CTX,ENTl_l,ENT_l,CTX_l
753,650,LSFM-Wu,blue,WHOLE_mouse_Brain_AZ10_SR3B_6_A_647,ECT,Isocortex,CTX,ECT_l,Isocortex_l,CTX_l
755,43,LSFM-Wu,blue,WHOLE_mouse_Brain_AZ10_SR3B_6_A_647,ECT,Isocortex,CTX,ECT_l,Isocortex_l,CTX_l
741,24,LSFM-Wu,blue,WHOLE_mouse_Brain_AZ10_SR3B_6_A_647,PERI,Isocortex,CTX,PERI_l,Isocortex_l,CTX_l
993,1316,LSFM-Wu,blue,WHOLE_mouse_Brain_AZ10_SR3B_6_A_647,ENTl,ENT,CTX,ENTl_l,ENT_l,CTX_l
1036,20,LSFM-Wu,blue,WHOLE_mouse_Brain_AZ10_SR3B_6_A_647,0,ENT,CTX,0_r,ENT_r,CTX_r
432,3647,LSFM-Wu,blue,WHOLE_mouse_Brain_AZ10_SR3B_6_A_647,VISpor,VIS,CTX,VISpor_r,VIS_r,CTX_r
376,5216,LSFM-Wu,blue,WHOLE_mouse_Brain_AZ10_SR3B_6_A_647,VISp,VIS,CTX,VISp_r,VIS_r,CTX_r
1424,115,LSFM-Wu,blue,WHOLE_mouse_Brain_AZ10_SR3B_6_A_647,0,EPI,TH,0_r,EPI_r,TH_r
384,2736,LSFM-Wu,blue,WHOLE_mouse_Brain_AZ10_SR3B_6_A_647,VISp,VIS,CTX,VISp_r,VIS_r,CTX_r
386,213,LSFM-Wu,blue,WHOLE_mouse_Brain_AZ10_SR3B_6_A_647,VISpl,VIS,CTX,VISpl_r,VIS_r,CTX_r
1414,736,LSFM-Wu,blue,WHOLE_mouse_Brain_AZ10_SR3B_6_A_647,IntG,GENv,TH,IntG_r,GENv_r,TH_r
1330,90,LSFM-Wu,blue,WHOLE_mouse_Brain_AZ10_SR3B_6_A_647,LGd,GENd,TH,LGd_r,GENd_r,TH_r
1417,1391,LSFM-Wu,blue,WHOLE_mouse_Brain_AZ10_SR3B_6_A_647,LGv,GENv,TH,LGv_l,GENv_l,TH_l
1703,344,LSFM-Wu,blue,WHOLE_mouse_Brain_AZ10_SR3B_6_A_647,0,MBmot,MB,0_l,MBmot_l,MB_l
675,346,LSFM-Wu,blue,WHOLE_mouse_Brain_AZ10_SR3B_6_A_647,RSPv,RSP,CTX,RSPv_l,RSP_l,CTX_l
1563,2,LSFM-Wu,blue,WHOLE_mouse_Brain_AZ10_SR3B_6_A_647,PMv,MEZ,HY,PMv_l,MEZ_l,HY_l
1565,12,LSFM-Wu,blue,WHOLE_mouse_Brain_AZ10_SR3B_6_A_647,PVHd,MEZ,HY,PVHd_l,MEZ_l,HY_l
1701,226,LSFM-Wu,blue,WHOLE_mouse_Brain_AZ10_SR3B_6_A_647,0,PRT,MB,0_l,PRT_l,MB_l
1699,2,LSFM-Wu,blue,WHOLE_mouse_Brain_AZ10_SR3B_6_A_647,PPT,PRT,MB,PPT_l,PRT_l,MB_l
1543,2087,LSFM-Wu,blue,WHOLE_mouse_Brain_AZ10_SR3B_6_A_647,SUM,MBO,HY,SUM_l,MBO_l,HY_l
404,12778,LSFM-Wu,blue,WHOLE_mouse_Brain_AZ10_SR3B_6_A_647,VISpm,VIS,CTX,VISpm_r,VIS_r,CTX_r
406,3326,LSFM-Wu,blue,WHOLE_mouse_Brain_AZ10_SR3B_6_A_647,VISpm,VIS,CTX,VISpm_r,VIS_r,CTX_r
1326,8516,LSFM-Wu,blue,WHOLE_mouse_Brain_AZ10_SR3B_6_A_647,LGd,GENd,TH,LGd_r,GENd_r,TH_r
408,1239,LSFM-Wu,blue,WHOLE_mouse_Brain_AZ10_SR3B_6_A_647,VISpm,VIS,CTX,VISpm_r,VIS_r,CTX_r
412,2529,LSFM-Wu,blue,WHOLE_mouse_Brain_AZ10_SR3B_6_A_647,VISpm,VIS,CTX,VISpm_r,VIS_r,CTX_r
1334,15,LSFM-Wu,blue,WHOLE_mouse_Brain_AZ10_SR3B_6_A_647,0,DORpm,TH,0_r,DORpm_r,TH_r
1324,8866,LSFM-Wu,blue,WHOLE_mouse_Brain_AZ10_SR3B_6_A_647,MG,GENd,TH,MG_r,GENd_r,TH_r
1416,58,LSFM-Wu,blue,WHOLE_mouse_Brain_AZ10_SR3B_6_A_647,LGv,GENv,TH,LGv_r,GENv_r,TH_r
1644,2,LSFM-Wu,blue,WHOLE_mouse_Brain_AZ10_SR3B_6_A_647,0,MBmot,MB,0_r,MBmot_r,MB_r
281,117,LSFM-Wu,blue,WHOLE_mouse_Brain_AZ10_SR3B_6_A_647,AUDp,AUD,CTX,AUDp_l,AUD_l,CTX_l
1305,570,LSFM-Wu,blue,WHOLE_mouse_Brain_AZ10_SR3B_6_A_647,0,SPF,TH,0_l,SPF_l,TH_l
1325,1426,LSFM-Wu,blue,WHOLE_mouse_Brain_AZ10_SR3B_6_A_647,LGd,GENd,TH,LGd_l,GENd_l,TH_l
1345,873,LSFM-Wu,blue,WHOLE_mouse_Brain_AZ10_SR3B_6_A_647,0,LAT,TH,0_l,LAT_l,TH_l
1696,3127,LSFM-Wu,blue,WHOLE_mouse_Brain_AZ10_SR3B_6_A_647,NPC,PRT,MB,NPC_r,PRT_r,MB_r
414,491,LSFM-Wu,blue,WHOLE_mouse_Brain_AZ10_SR3B_6_A_647,VISli,VIS,CTX,VISli_r,VIS_r,CTX_r
1612,121150,LSFM-Wu,blue,WHOLE_mouse_Brain_AZ10_SR3B_6_A_647,ME,HY,HY,ME_r,HY_r,HY_r
1648,748319,LSFM-Wu,blue,WHOLE_mouse_Brain_AZ10_SR3B_6_A_647,VTA,MBmot,MB,VTA_r,MBmot_r,MB_r
1554,3,LSFM-Wu,blue,WHOLE_mouse_Brain_AZ10_SR3B_6_A_647,MPN,MEZ,HY,MPN_r,MEZ_r,HY_r
1306,32674,LSFM-Wu,blue,WHOLE_mouse_Brain_AZ10_SR3B_6_A_647,0,SPF,TH,0_r,SPF_r,TH_r
410,9949,LSFM-Wu,blue,WHOLE_mouse_Brain_AZ10_SR3B_6_A_647,VISpm,VIS,CTX,VISpm_r,VIS_r,CTX_r
1092,151,LSFM-Wu,blue,WHOLE_mouse_Brain_AZ10_SR3B_6_A_647,ProS,RHP,CTX,ProS_r,RHP_r,CTX_r
1312,43898,LSFM-Wu,blue,WHOLE_mouse_Brain_AZ10_SR3B_6_A_647,SPA,DORsm,TH,SPA_r,DORsm_r,TH_r
1423,23,LSFM-Wu,blue,WHOLE_mouse_Brain_AZ10_SR3B_6_A_647,0,EPI,TH,0_l,EPI_l,TH_l
1415,29,LSFM-Wu,blue,WHOLE_mouse_Brain_AZ10_SR3B_6_A_647,LGv,GENv,TH,LGv_l,GENv_l,TH_l
1346,3371,LSFM-Wu,blue,WHOLE_mouse_Brain_AZ10_SR3B_6_A_647,0,LAT,TH,0_r,LAT_r,TH_r
1611,6964,LSFM-Wu,blue,WHOLE_mouse_Brain_AZ10_SR3B_6_A_647,ME,HY,HY,ME_l,HY_l,HY_l
1553,2,LSFM-Wu,blue,WHOLE_mouse_Brain_AZ10_SR3B_6_A_647,MPN,MEZ,HY,MPN_l,MEZ_l,HY_l
1691,10111,LSFM-Wu,blue,WHOLE_mouse_Brain_AZ10_SR3B_6_A_647,MPT,PRT,MB,MPT_l,PRT_l,MB_l
1311,920,LSFM-Wu,blue,WHOLE_mouse_Brain_AZ10_SR3B_6_A_647,SPA,DORsm,TH,SPA_l,DORsm_l,TH_l
1139,3,LSFM-Wu,blue,WHOLE_mouse_Brain_AZ10_SR3B_6_A_647,PA,CTXsp,CTX,PA_l,CTXsp_l,CTX_l
292,8872,LSFM-Wu,blue,WHOLE_mouse_Brain_AZ10_SR3B_6_A_647,AUDpo,AUD,CTX,AUDpo_r,AUD_r,CTX_r
300,6927,LSFM-Wu,blue,WHOLE_mouse_Brain_AZ10_SR3B_6_A_647,AUDpo,AUD,CTX,AUDpo_r,AUD_r,CTX_r
334,2612,LSFM-Wu,blue,WHOLE_mouse_Brain_AZ10_SR3B_6_A_647,VISal,VIS,CTX,VISal_r,VIS_r,CTX_r
342,100,LSFM-Wu,blue,WHOLE_mouse_Brain_AZ10_SR3B_6_A_647,VISal,VIS,CTX,VISal_r,VIS_r,CTX_r
1544,9265,LSFM-Wu,blue,WHOLE_mouse_Brain_AZ10_SR3B_6_A_647,SUM,MBO,HY,SUM_r,MBO_r,HY_r
1564,1,LSFM-Wu,blue,WHOLE_mouse_Brain_AZ10_SR3B_6_A_647,PMv,MEZ,HY,PMv_r,MEZ_r,HY_r
1704,3544,LSFM-Wu,blue,WHOLE_mouse_Brain_AZ10_SR3B_6_A_647,0,MBmot,MB,0_r,MBmot_r,MB_r
1700,5327,LSFM-Wu,blue,WHOLE_mouse_Brain_AZ10_SR3B_6_A_647,PPT,PRT,MB,PPT_r,PRT_r,MB_r
1694,3609,LSFM-Wu,blue,WHOLE_mouse_Brain_AZ10_SR3B_6_A_647,NOT,PRT,MB,NOT_r,PRT_r,MB_r
1702,17182,LSFM-Wu,blue,WHOLE_mouse_Brain_AZ10_SR3B_6_A_647,0,PRT,MB,0_r,PRT_r,MB_r
288,41,LSFM-Wu,blue,WHOLE_mouse_Brain_AZ10_SR3B_6_A_647,AUDpo,AUD,CTX,AUDpo_r,AUD_r,CTX_r
340,303,LSFM-Wu,blue,WHOLE_mouse_Brain_AZ10_SR3B_6_A_647,VISal,VIS,CTX,VISal_r,VIS_r,CTX_r
1566,67,LSFM-Wu,blue,WHOLE_mouse_Brain_AZ10_SR3B_6_A_647,PVHd,MEZ,HY,PVHd_r,MEZ_r,HY_r
1091,1,LSFM-Wu,blue,WHOLE_mouse_Brain_AZ10_SR3B_6_A_647,ProS,RHP,CTX,ProS_l,RHP_l,CTX_l
2187,17024,LSFM-Wu,blue,WHOLE_mouse_Brain_AZ10_SR3B_6_A_647,FL,HEM,CB,FL_l,HEM_l,CB_l
2201,12573,LSFM-Wu,blue,WHOLE_mouse_Brain_AZ10_SR3B_6_A_647,VeCB,CBN,CB,VeCB_l,CBN_l,CB_l
2014,14060,LSFM-Wu,blue,WHOLE_mouse_Brain_AZ10_SR3B_6_A_647,x,MY-mot,HB,x_r,MY-mot_r,HB_r
1784,14294,LSFM-Wu,blue,WHOLE_mouse_Brain_AZ10_SR3B_6_A_647,PB,P-sen,HB,PB_r,P-sen_r,HB_r
1888,3923,LSFM-Wu,blue,WHOLE_mouse_Brain_AZ10_SR3B_6_A_647,0,DCN,HB,0_r,DCN_r,HB_r
2013,31193,LSFM-Wu,blue,WHOLE_mouse_Brain_AZ10_SR3B_6_A_647,x,MY-mot,HB,x_l,MY-mot_l,HB_l
1783,123297,LSFM-Wu,blue,WHOLE_mouse_Brain_AZ10_SR3B_6_A_647,PB,P-sen,HB,PB_l,P-sen_l,HB_l
1999,240,LSFM-Wu,blue,WHOLE_mouse_Brain_AZ10_SR3B_6_A_647,PPY,MY-mot,HB,PPY_l,MY-mot_l,HB_l
2054,1166,LSFM-Wu,blue,WHOLE_mouse_Brain_AZ10_SR3B_6_A_647,CENT,VERM,CB,CENT_r,VERM_r,CB_r
1826,2924,LSFM-Wu,blue,WHOLE_mouse_Brain_AZ10_SR3B_6_A_647,PG,P-mot,HB,PG_r,P-mot_r,HB_r
2008,352,LSFM-Wu,blue,WHOLE_mouse_Brain_AZ10_SR3B_6_A_647,MV,VNC,HB,MV_r,VNC_r,HB_r
1825,3807,LSFM-Wu,blue,WHOLE_mouse_Brain_AZ10_SR3B_6_A_647,PG,P-mot,HB,PG_l,P-mot_l,HB_l
2053,3940,LSFM-Wu,blue,WHOLE_mouse_Brain_AZ10_SR3B_6_A_647,CENT,VERM,CB,CENT_l,VERM_l,CB_l
2020,1115,LSFM-Wu,blue,WHOLE_mouse_Brain_AZ10_SR3B_6_A_647,0,MY-mot,HB,0_r,MY-mot_r,HB_r
2019,2965,LSFM-Wu,blue,WHOLE_mouse_Brain_AZ10_SR3B_6_A_647,0,MY-mot,HB,0_l,MY-mot_l,HB_l
2007,718,LSFM-Wu,blue,WHOLE_mouse_Brain_AZ10_SR3B_6_A_647,MV,VNC,HB,MV_l,VNC_l,HB_l
1955,375,LSFM-Wu,blue,WHOLE_mouse_Brain_AZ10_SR3B_6_A_647,IO,MY-mot,HB,IO_l,MY-mot_l,HB_l
1829,49810,LSFM-Wu,blue,WHOLE_mouse_Brain_AZ10_SR3B_6_A_647,0,P-mot,HB,0_l,P-mot_l,HB_l
1864,18,LSFM-Wu,blue,WHOLE_mouse_Brain_AZ10_SR3B_6_A_647,PRNr,P-sat,HB,PRNr_r,P-sat_r,HB_r
1868,221,LSFM-Wu,blue,WHOLE_mouse_Brain_AZ10_SR3B_6_A_647,SLC,P-sat,HB,SLC_r,P-sat_r,HB_r
1867,645,LSFM-Wu,blue,WHOLE_mouse_Brain_AZ10_SR3B_6_A_647,SLC,P-sat,HB,SLC_l,P-sat_l,HB_l
2062,1818,LSFM-Wu,blue,WHOLE_mouse_Brain_AZ10_SR3B_6_A_647,CENT,VERM,CB,CENT_r,VERM_r,CB_r
1823,550,LSFM-Wu,blue,WHOLE_mouse_Brain_AZ10_SR3B_6_A_647,PCG,P-mot,HB,PCG_l,P-mot_l,HB_l
1863,15,LSFM-Wu,blue,WHOLE_mouse_Brain_AZ10_SR3B_6_A_647,PRNr,P-sat,HB,PRNr_l,P-sat_l,HB_l
1785,5422,LSFM-Wu,blue,WHOLE_mouse_Brain_AZ10_SR3B_6_A_647,PB,P-sen,HB,PB_l,P-sen_l,HB_l
1849,318,LSFM-Wu,blue,WHOLE_mouse_Brain_AZ10_SR3B_6_A_647,0,P-sat,HB,0_l,P-sat_l,HB_l
2188,6169,LSFM-Wu,blue,WHOLE_mouse_Brain_AZ10_SR3B_6_A_647,FL,HEM,CB,FL_r,HEM_r,CB_r
1813,9038,LSFM-Wu,blue,WHOLE_mouse_Brain_AZ10_SR3B_6_A_647,0,P-mot,HB,0_l,P-mot_l,HB_l
1629,17634,LSFM-Wu,blue,WHOLE_mouse_Brain_AZ10_SR3B_6_A_647,IC,MBsen,MB,IC_l,MBsen_l,MB_l
1841,7741,LSFM-Wu,blue,WHOLE_mouse_Brain_AZ10_SR3B_6_A_647,P5,P-mot,HB,P5_l,P-mot_l,HB_l
1843,2754,LSFM-Wu,blue,WHOLE_mouse_Brain_AZ10_SR3B_6_A_647,Acs5,P-mot,HB,Acs5_l,P-mot_l,HB_l
1842,406,LSFM-Wu,blue,WHOLE_mouse_Brain_AZ10_SR3B_6_A_647,P5,P-mot,HB,P5_r,P-mot_r,HB_r
2202,4976,LSFM-Wu,blue,WHOLE_mouse_Brain_AZ10_SR3B_6_A_647,VeCB,CBN,CB,VeCB_r,CBN_r,CB_r
1939,18,LSFM-Wu,blue,WHOLE_mouse_Brain_AZ10_SR3B_6_A_647,0,MY-mot,HB,0_l,MY-mot_l,HB_l
1631,5248,LSFM-Wu,blue,WHOLE_mouse_Brain_AZ10_SR3B_6_A_647,IC,MBsen,MB,IC_l,MBsen_l,MB_l
1869,2,LSFM-Wu,blue,WHOLE_mouse_Brain_AZ10_SR3B_6_A_647,SLD,P-sat,HB,SLD_l,P-sat_l,HB_l
1641,119,LSFM-Wu,blue,WHOLE_mouse_Brain_AZ10_SR3B_6_A_647,SCO,MBsen,MB,SCO_l,MBsen_l,MB_l
1859,288,LSFM-Wu,blue,WHOLE_mouse_Brain_AZ10_SR3B_6_A_647,LDT,P-sat,HB,LDT_l,P-sat_l,HB_l
1811,1869,LSFM-Wu,blue,WHOLE_mouse_Brain_AZ10_SR3B_6_A_647,SOC,P-sen,HB,SOC_l,P-sen_l,HB_l
1830,11395,LSFM-Wu,blue,WHOLE_mouse_Brain_AZ10_SR3B_6_A_647,0,P-mot,HB,0_r,P-mot_r,HB_r
1898,3292,LSFM-Wu,blue,WHOLE_mouse_Brain_AZ10_SR3B_6_A_647,NTS,MY-sen,HB,NTS_r,MY-sen_r,HB_r
1632,2123,LSFM-Wu,blue,WHOLE_mouse_Brain_AZ10_SR3B_6_A_647,IC,MBsen,MB,IC_r,MBsen_r,MB_r
1824,205,LSFM-Wu,blue,WHOLE_mouse_Brain_AZ10_SR3B_6_A_647,PCG,P-mot,HB,PCG_r,P-mot_r,HB_r
1782,615,LSFM-Wu,blue,WHOLE_mouse_Brain_AZ10_SR3B_6_A_647,PB,P-sen,HB,PB_r,P-sen_r,HB_r
1850,1518,LSFM-Wu,blue,WHOLE_mouse_Brain_AZ10_SR3B_6_A_647,0,P-sat,HB,0_r,P-sat_r,HB_r
1786,3628,LSFM-Wu,blue,WHOLE_mouse_Brain_AZ10_SR3B_6_A_647,PB,P-sen,HB,PB_r,P-sen_r,HB_r
1933,11,LSFM-Wu,blue,WHOLE_mouse_Brain_AZ10_SR3B_6_A_647,0,MY-mot,HB,0_l,MY-mot_l,HB_l
1819,77,LSFM-Wu,blue,WHOLE_mouse_Brain_AZ10_SR3B_6_A_647,0,P-mot,HB,0_l,P-mot_l,HB_l
1844,270,LSFM-Wu,blue,WHOLE_mouse_Brain_AZ10_SR3B_6_A_647,Acs5,P-mot,HB,Acs5_r,P-mot_r,HB_r
1642,38,LSFM-Wu,blue,WHOLE_mouse_Brain_AZ10_SR3B_6_A_647,SCO,MBsen,MB,SCO_r,MBsen_r,MB_r
1860,309,LSFM-Wu,blue,WHOLE_mouse_Brain_AZ10_SR3B_6_A_647,LDT,P-sat,HB,LDT_r,P-sat_r,HB_r
1818,19,LSFM-Wu,blue,WHOLE_mouse_Brain_AZ10_SR3B_6_A_647,DTN,P-mot,HB,DTN_r,P-mot_r,HB_r
1940,48,LSFM-Wu,blue,WHOLE_mouse_Brain_AZ10_SR3B_6_A_647,0,MY-mot,HB,0_r,MY-mot_r,HB_r
571,1427,LSFM-Wu,blue,WHOLE_mouse_Brain_AZ10_SR3B_6_A_647,AIp,AI,CTX,AIp_l,AI_l,CTX_l
802,29171,LSFM-Wu,blue,WHOLE_mouse_Brain_AZ10_SR3B_6_A_647,TT,OLF,CTX,TT_r,OLF_r,CTX_r
801,1154,LSFM-Wu,blue,WHOLE_mouse_Brain_AZ10_SR3B_6_A_647,TT,OLF,CTX,TT_l,OLF_l,CTX_l
491,927,LSFM-Wu,blue,WHOLE_mouse_Brain_AZ10_SR3B_6_A_647,ILA,Isocortex,CTX,ILA_l,Isocortex_l,CTX_l
824,11612,LSFM-Wu,blue,WHOLE_mouse_Brain_AZ10_SR3B_6_A_647,DP,OLF,CTX,DP_r,OLF_r,CTX_r
1186,1,LSFM-Wu,blue,WHOLE_mouse_Brain_AZ10_SR3B_6_A_647,0,sAMY,CNU,0_r,sAMY_r,CNU_r
1192,75,LSFM-Wu,blue,WHOLE_mouse_Brain_AZ10_SR3B_6_A_647,CEA,sAMY,CNU,CEA_r,sAMY_r,CNU_r
111,7,LSFM-Wu,blue,WHOLE_mouse_Brain_AZ10_SR3B_6_A_647,SSp-bfd,SSp,CTX,SSp-bfd_l,SSp_l,CTX_l
697,638,LSFM-Wu,blue,WHOLE_mouse_Brain_AZ10_SR3B_6_A_647,VISa,PTLp,CTX,VISa_l,PTLp_l,CTX_l
851,136,LSFM-Wu,blue,WHOLE_mouse_Brain_AZ10_SR3B_6_A_647,NLOT,OLF,CTX,NLOT_l,OLF_l,CTX_l
849,1,LSFM-Wu,blue,WHOLE_mouse_Brain_AZ10_SR3B_6_A_647,NLOT,OLF,CTX,NLOT_l,OLF_l,CTX_l
1191,352,LSFM-Wu,blue,WHOLE_mouse_Brain_AZ10_SR3B_6_A_647,CEA,sAMY,CNU,CEA_l,sAMY_l,CNU_l
699,114,LSFM-Wu,blue,WHOLE_mouse_Brain_AZ10_SR3B_6_A_647,VISa,PTLp,CTX,VISa_l,PTLp_l,CTX_l
823,501,LSFM-Wu,blue,WHOLE_mouse_Brain_AZ10_SR3B_6_A_647,DP,OLF,CTX,DP_l,OLF_l,CTX_l
503,86,LSFM-Wu,blue,WHOLE_mouse_Brain_AZ10_SR3B_6_A_647,ILA,Isocortex,CTX,ILA_l,Isocortex_l,CTX_l
492,5167,LSFM-Wu,blue,WHOLE_mouse_Brain_AZ10_SR3B_6_A_647,ILA,Isocortex,CTX,ILA_r,Isocortex_r,CTX_r
504,15791,LSFM-Wu,blue,WHOLE_mouse_Brain_AZ10_SR3B_6_A_647,ILA,Isocortex,CTX,ILA_r,Isocortex_r,CTX_r
506,991,LSFM-Wu,blue,WHOLE_mouse_Brain_AZ10_SR3B_6_A_647,0,ORB,CTX,0_r,ORB_r,CTX_r
558,255,LSFM-Wu,blue,WHOLE_mouse_Brain_AZ10_SR3B_6_A_647,0,AI,CTX,0_r,AI_r,CTX_r
596,47,LSFM-Wu,blue,WHOLE_mouse_Brain_AZ10_SR3B_6_A_647,0,RSP,CTX,0_r,RSP_r,CTX_r
814,2014,LSFM-Wu,blue,WHOLE_mouse_Brain_AZ10_SR3B_6_A_647,TT,OLF,CTX,TT_r,OLF_r,CTX_r
502,75028,LSFM-Wu,blue,WHOLE_mouse_Brain_AZ10_SR3B_6_A_647,ILA,Isocortex,CTX,ILA_r,Isocortex_r,CTX_r
500,12667,LSFM-Wu,blue,WHOLE_mouse_Brain_AZ10_SR3B_6_A_647,ILA,Isocortex,CTX,ILA_r,Isocortex_r,CTX_r
501,124,LSFM-Wu,blue,WHOLE_mouse_Brain_AZ10_SR3B_6_A_647,ILA,Isocortex,CTX,ILA_l,Isocortex_l,CTX_l
499,23,LSFM-Wu,blue,WHOLE_mouse_Brain_AZ10_SR3B_6_A_647,ILA,Isocortex,CTX,ILA_l,Isocortex_l,CTX_l
595,89,LSFM-Wu,blue,WHOLE_mouse_Brain_AZ10_SR3B_6_A_647,0,RSP,CTX,0_l,RSP_l,CTX_l
529,176,LSFM-Wu,blue,WHOLE_mouse_Brain_AZ10_SR3B_6_A_647,ORBm,ORB,CTX,ORBm_l,ORB_l,CTX_l
530,4067,LSFM-Wu,blue,WHOLE_mouse_Brain_AZ10_SR3B_6_A_647,ORBm,ORB,CTX,ORBm_r,ORB_r,CTX_r
496,16675,LSFM-Wu,blue,WHOLE_mouse_Brain_AZ10_SR3B_6_A_647,ILA,Isocortex,CTX,ILA_r,Isocortex_r,CTX_r
813,94,LSFM-Wu,blue,WHOLE_mouse_Brain_AZ10_SR3B_6_A_647,TT,OLF,CTX,TT_l,OLF_l,CTX_l
1361,524,LSFM-Wu,blue,WHOLE_mouse_Brain_AZ10_SR3B_6_A_647,IAM,ATN,TH,IAM_l,ATN_l,TH_l
1555,16,LSFM-Wu,blue,WHOLE_mouse_Brain_AZ10_SR3B_6_A_647,MPN,MEZ,HY,MPN_l,MEZ_l,HY_l
1511,20,LSFM-Wu,blue,WHOLE_mouse_Brain_AZ10_SR3B_6_A_647,VLPO,PVR,HY,VLPO_l,PVR_l,HY_l
1556,3,LSFM-Wu,blue,WHOLE_mouse_Brain_AZ10_SR3B_6_A_647,MPN,MEZ,HY,MPN_r,MEZ_r,HY_r
1512,82,LSFM-Wu,blue,WHOLE_mouse_Brain_AZ10_SR3B_6_A_647,VLPO,PVR,HY,VLPO_r,PVR_r,HY_r
143,88,LSFM-Wu,blue,WHOLE_mouse_Brain_AZ10_SR3B_6_A_647,SSp-ll,SSp,CTX,SSp-ll_l,SSp_l,CTX_l
137,61,LSFM-Wu,blue,WHOLE_mouse_Brain_AZ10_SR3B_6_A_647,SSp-ll,SSp,CTX,SSp-ll_l,SSp_l,CTX_l
243,2,LSFM-Wu,blue,WHOLE_mouse_Brain_AZ10_SR3B_6_A_647,0,AUD,CTX,0_l,AUD_l,CTX_l
1514,59,LSFM-Wu,blue,WHOLE_mouse_Brain_AZ10_SR3B_6_A_647,0,MEZ,HY,0_r,MEZ_r,HY_r
1021,495,LSFM-Wu,blue,WHOLE_mouse_Brain_AZ10_SR3B_6_A_647,ENTm,ENT,CTX,ENTm_l,ENT_l,CTX_l
1862,1543,LSFM-Wu,blue,WHOLE_mouse_Brain_AZ10_SR3B_6_A_647,NI,P-sat,HB,NI_r,P-sat_r,HB_r
1630,3590,LSFM-Wu,blue,WHOLE_mouse_Brain_AZ10_SR3B_6_A_647,IC,MBsen,MB,IC_r,MBsen_r,MB_r
1812,73,LSFM-Wu,blue,WHOLE_mouse_Brain_AZ10_SR3B_6_A_647,SOC,P-sen,HB,SOC_r,P-sen_r,HB_r
389,48,LSFM-Wu,blue,WHOLE_mouse_Brain_AZ10_SR3B_6_A_647,VISpl,VIS,CTX,VISpl_l,VIS_l,CTX_l
1019,966,LSFM-Wu,blue,WHOLE_mouse_Brain_AZ10_SR3B_6_A_647,ENTm,ENT,CTX,ENTm_l,ENT_l,CTX_l
1838,531,LSFM-Wu,blue,WHOLE_mouse_Brain_AZ10_SR3B_6_A_647,TRN,P-mot,HB,TRN_r,P-mot_r,HB_r
1848,1347,LSFM-Wu,blue,WHOLE_mouse_Brain_AZ10_SR3B_6_A_647,I5,P-mot,HB,I5_r,P-mot_r,HB_r
1814,563,LSFM-Wu,blue,WHOLE_mouse_Brain_AZ10_SR3B_6_A_647,0,P-mot,HB,0_r,P-mot_r,HB_r
1846,9,LSFM-Wu,blue,WHOLE_mouse_Brain_AZ10_SR3B_6_A_647,PC5,P-mot,HB,PC5_r,P-mot_r,HB_r
1845,330,LSFM-Wu,blue,WHOLE_mouse_Brain_AZ10_SR3B_6_A_647,PC5,P-mot,HB,PC5_l,P-mot_l,HB_l
1837,5891,LSFM-Wu,blue,WHOLE_mouse_Brain_AZ10_SR3B_6_A_647,TRN,P-mot,HB,TRN_l,P-mot_l,HB_l
1861,2064,LSFM-Wu,blue,WHOLE_mouse_Brain_AZ10_SR3B_6_A_647,NI,P-sat,HB,NI_l,P-sat_l,HB_l
1820,75,LSFM-Wu,blue,WHOLE_mouse_Brain_AZ10_SR3B_6_A_647,0,P-mot,HB,0_r,P-mot_r,HB_r
1027,1438,LSFM-Wu,blue,WHOLE_mouse_Brain_AZ10_SR3B_6_A_647,ENTm,ENT,CTX,ENTm_l,ENT_l,CTX_l
1722,72,LSFM-Wu,blue,WHOLE_mouse_Brain_AZ10_SR3B_6_A_647,AT,MBmot,MB,AT_r,MBmot_r,MB_r
1721,82,LSFM-Wu,blue,WHOLE_mouse_Brain_AZ10_SR3B_6_A_647,AT,MBmot,MB,AT_l,MBmot_l,MB_l
1897,1638,LSFM-Wu,blue,WHOLE_mouse_Brain_AZ10_SR3B_6_A_647,NTS,MY-sen,HB,NTS_l,MY-sen_l,HB_l
1020,1141,LSFM-Wu,blue,WHOLE_mouse_Brain_AZ10_SR3B_6_A_647,ENTm,ENT,CTX,ENTm_r,ENT_r,CTX_r
901,1918,LSFM-Wu,blue,WHOLE_mouse_Brain_AZ10_SR3B_6_A_647,TR,OLF,CTX,TR_l,OLF_l,CTX_l
370,5,LSFM-Wu,blue,WHOLE_mouse_Brain_AZ10_SR3B_6_A_647,VISl,VIS,CTX,VISl_r,VIS_r,CTX_r
372,1,LSFM-Wu,blue,WHOLE_mouse_Brain_AZ10_SR3B_6_A_647,VISp,VIS,CTX,VISp_r,VIS_r,CTX_r
426,10,LSFM-Wu,blue,WHOLE_mouse_Brain_AZ10_SR3B_6_A_647,VISli,VIS,CTX,VISli_r,VIS_r,CTX_r
442,39,LSFM-Wu,blue,WHOLE_mouse_Brain_AZ10_SR3B_6_A_647,0,ACA,CTX,0_r,ACA_r,CTX_r
1636,2422,LSFM-Wu,blue,WHOLE_mouse_Brain_AZ10_SR3B_6_A_647,SAG,MBsen,MB,SAG_r,MBsen_r,MB_r
725,253,LSFM-Wu,blue,WHOLE_mouse_Brain_AZ10_SR3B_6_A_647,TEa,Isocortex,CTX,TEa_l,Isocortex_l,CTX_l
727,18,LSFM-Wu,blue,WHOLE_mouse_Brain_AZ10_SR3B_6_A_647,TEa,Isocortex,CTX,TEa_l,Isocortex_l,CTX_l
729,4,LSFM-Wu,blue,WHOLE_mouse_Brain_AZ10_SR3B_6_A_647,TEa,Isocortex,CTX,TEa_l,Isocortex_l,CTX_l
954,1594,LSFM-Wu,blue,WHOLE_mouse_Brain_AZ10_SR3B_6_A_647,DG,HIP,CTX,DG_r,HIP_r,CTX_r
902,598,LSFM-Wu,blue,WHOLE_mouse_Brain_AZ10_SR3B_6_A_647,TR,OLF,CTX,TR_r,OLF_r,CTX_r
1710,522963,LSFM-Wu,blue,WHOLE_mouse_Brain_AZ10_SR3B_6_A_647,III,MBmot,MB,III_r,MBmot_r,MB_r
1736,56766,LSFM-Wu,blue,WHOLE_mouse_Brain_AZ10_SR3B_6_A_647,PPN,MBsta,MB,PPN_r,MBsta_r,MB_r
1650,587112,LSFM-Wu,blue,WHOLE_mouse_Brain_AZ10_SR3B_6_A_647,PN,MBmot,MB,PN_r,MBmot_r,MB_r
1735,6848,LSFM-Wu,blue,WHOLE_mouse_Brain_AZ10_SR3B_6_A_647,PPN,MBsta,MB,PPN_l,MBsta_l,MB_l
1647,72200,LSFM-Wu,blue,WHOLE_mouse_Brain_AZ10_SR3B_6_A_647,VTA,MBmot,MB,VTA_l,MBmot_l,MB_l
1109,1847,LSFM-Wu,blue,WHOLE_mouse_Brain_AZ10_SR3B_6_A_647,APr,RHP,CTX,APr_l,RHP_l,CTX_l
1635,4,LSFM-Wu,blue,WHOLE_mouse_Brain_AZ10_SR3B_6_A_647,SAG,MBsen,MB,SAG_l,MBsen_l,MB_l
1321,668,LSFM-Wu,blue,WHOLE_mouse_Brain_AZ10_SR3B_6_A_647,MG,GENd,TH,MG_l,GENd_l,TH_l
1323,6099,LSFM-Wu,blue,WHOLE_mouse_Brain_AZ10_SR3B_6_A_647,MG,GENd,TH,MG_l,GENd_l,TH_l
731,19,LSFM-Wu,blue,WHOLE_mouse_Brain_AZ10_SR3B_6_A_647,TEa,Isocortex,CTX,TEa_l,Isocortex_l,CTX_l
733,2,LSFM-Wu,blue,WHOLE_mouse_Brain_AZ10_SR3B_6_A_647,TEa,Isocortex,CTX,TEa_l,Isocortex_l,CTX_l
1709,42544,LSFM-Wu,blue,WHOLE_mouse_Brain_AZ10_SR3B_6_A_647,III,MBmot,MB,III_l,MBmot_l,MB_l
1649,101591,LSFM-Wu,blue,WHOLE_mouse_Brain_AZ10_SR3B_6_A_647,PN,MBmot,MB,PN_l,MBmot_l,MB_l
1651,1240,LSFM-Wu,blue,WHOLE_mouse_Brain_AZ10_SR3B_6_A_647,RR,MBmot,MB,RR_l,MBmot_l,MB_l
1757,233,LSFM-Wu,blue,WHOLE_mouse_Brain_AZ10_SR3B_6_A_647,IPN,RAmb,MB,IPN_l,RAmb_l,MB_l
1751,708,LSFM-Wu,blue,WHOLE_mouse_Brain_AZ10_SR3B_6_A_647,IPN,RAmb,MB,IPN_l,RAmb_l,MB_l
1322,5103,LSFM-Wu,blue,WHOLE_mouse_Brain_AZ10_SR3B_6_A_647,MG,GENd,TH,MG_r,GENd_r,TH_r
1110,647,LSFM-Wu,blue,WHOLE_mouse_Brain_AZ10_SR3B_6_A_647,APr,RHP,CTX,APr_r,RHP_r,CTX_r
1716,350,LSFM-Wu,blue,WHOLE_mouse_Brain_AZ10_SR3B_6_A_647,IV,MBmot,MB,IV_r,MBmot_r,MB_r
1747,36,LSFM-Wu,blue,WHOLE_mouse_Brain_AZ10_SR3B_6_A_647,IPN,RAmb,MB,IPN_l,RAmb_l,MB_l
1753,99,LSFM-Wu,blue,WHOLE_mouse_Brain_AZ10_SR3B_6_A_647,IPN,RAmb,MB,IPN_l,RAmb_l,MB_l
1754,476,LSFM-Wu,blue,WHOLE_mouse_Brain_AZ10_SR3B_6_A_647,IPN,RAmb,MB,IPN_r,RAmb_r,MB_r
1748,189,LSFM-Wu,blue,WHOLE_mouse_Brain_AZ10_SR3B_6_A_647,IPN,RAmb,MB,IPN_r,RAmb_r,MB_r
1749,45,LSFM-Wu,blue,WHOLE_mouse_Brain_AZ10_SR3B_6_A_647,IPN,RAmb,MB,IPN_l,RAmb_l,MB_l
1750,1736,LSFM-Wu,blue,WHOLE_mouse_Brain_AZ10_SR3B_6_A_647,IPN,RAmb,MB,IPN_r,RAmb_r,MB_r
1652,400,LSFM-Wu,blue,WHOLE_mouse_Brain_AZ10_SR3B_6_A_647,RR,MBmot,MB,RR_r,MBmot_r,MB_r
1756,50,LSFM-Wu,blue,WHOLE_mouse_Brain_AZ10_SR3B_6_A_647,IPN,RAmb,MB,IPN_r,RAmb_r,MB_r
1743,30,LSFM-Wu,blue,WHOLE_mouse_Brain_AZ10_SR3B_6_A_647,IPN,RAmb,MB,IPN_l,RAmb_l,MB_l
1744,15,LSFM-Wu,blue,WHOLE_mouse_Brain_AZ10_SR3B_6_A_647,IPN,RAmb,MB,IPN_r,RAmb_r,MB_r
1741,40,LSFM-Wu,blue,WHOLE_mouse_Brain_AZ10_SR3B_6_A_647,IPN,RAmb,MB,IPN_l,RAmb_l,MB_l
1742,477,LSFM-Wu,blue,WHOLE_mouse_Brain_AZ10_SR3B_6_A_647,IPN,RAmb,MB,IPN_r,RAmb_r,MB_r
1762,1303,LSFM-Wu,blue,WHOLE_mouse_Brain_AZ10_SR3B_6_A_647,CLI,RAmb,MB,CLI_r,RAmb_r,MB_r
1761,1164,LSFM-Wu,blue,WHOLE_mouse_Brain_AZ10_SR3B_6_A_647,CLI,RAmb,MB,CLI_l,RAmb_l,MB_l
953,2132,LSFM-Wu,blue,WHOLE_mouse_Brain_AZ10_SR3B_6_A_647,DG,HIP,CTX,DG_l,HIP_l,CTX_l
1407,291,LSFM-Wu,blue,WHOLE_mouse_Brain_AZ10_SR3B_6_A_647,RT,DORpm,TH,RT_l,DORpm_l,TH_l
1315,56,LSFM-Wu,blue,WHOLE_mouse_Brain_AZ10_SR3B_6_A_647,0,GENd,TH,0_l,GENd_l,TH_l
1752,2865,LSFM-Wu,blue,WHOLE_mouse_Brain_AZ10_SR3B_6_A_647,IPN,RAmb,MB,IPN_r,RAmb_r,MB_r
1758,2896,LSFM-Wu,blue,WHOLE_mouse_Brain_AZ10_SR3B_6_A_647,IPN,RAmb,MB,IPN_r,RAmb_r,MB_r
2104,1,LSFM-Wu,blue,WHOLE_mouse_Brain_AZ10_SR3B_6_A_647,FOTU,VERM,CB,FOTU_r,VERM_r,CB_r
1994,870,LSFM-Wu,blue,WHOLE_mouse_Brain_AZ10_SR3B_6_A_647,PRP,PHY,HB,PRP_r,PHY_r,HB_r
1684,6134,LSFM-Wu,blue,WHOLE_mouse_Brain_AZ10_SR3B_6_A_647,PAG,MBmot,MB,PAG_r,MBmot_r,MB_r
1686,2141,LSFM-Wu,blue,WHOLE_mouse_Brain_AZ10_SR3B_6_A_647,PAG,MBmot,MB,PAG_r,MBmot_r,MB_r
1536,12443,LSFM-Wu,blue,WHOLE_mouse_Brain_AZ10_SR3B_6_A_647,MM,MBO,HY,MM_r,MBO_r,HY_r
1542,538,LSFM-Wu,blue,WHOLE_mouse_Brain_AZ10_SR3B_6_A_647,SUM,MBO,HY,SUM_r,MBO_r,HY_r
1540,865,LSFM-Wu,blue,WHOLE_mouse_Brain_AZ10_SR3B_6_A_647,MM,MBO,HY,MM_r,MBO_r,HY_r
1538,447,LSFM-Wu,blue,WHOLE_mouse_Brain_AZ10_SR3B_6_A_647,MM,MBO,HY,MM_r,MBO_r,HY_r
1760,211,LSFM-Wu,blue,WHOLE_mouse_Brain_AZ10_SR3B_6_A_647,RL,RAmb,MB,RL_r,RAmb_r,MB_r
1746,75,LSFM-Wu,blue,WHOLE_mouse_Brain_AZ10_SR3B_6_A_647,IPN,RAmb,MB,IPN_r,RAmb_r,MB_r
1343,292,LSFM-Wu,blue,WHOLE_mouse_Brain_AZ10_SR3B_6_A_647,SGN,LAT,TH,SGN_l,LAT_l,TH_l
298,24917,LSFM-Wu,blue,WHOLE_mouse_Brain_AZ10_SR3B_6_A_647,AUDpo,AUD,CTX,AUDpo_r,AUD_r,CTX_r
418,118,LSFM-Wu,blue,WHOLE_mouse_Brain_AZ10_SR3B_6_A_647,VISli,VIS,CTX,VISli_r,VIS_r,CTX_r
294,9246,LSFM-Wu,blue,WHOLE_mouse_Brain_AZ10_SR3B_6_A_647,AUDpo,AUD,CTX,AUDpo_r,AUD_r,CTX_r
424,43,LSFM-Wu,blue,WHOLE_mouse_Brain_AZ10_SR3B_6_A_647,VISli,VIS,CTX,VISli_r,VIS_r,CTX_r
296,2812,LSFM-Wu,blue,WHOLE_mouse_Brain_AZ10_SR3B_6_A_647,AUDpo,AUD,CTX,AUDpo_r,AUD_r,CTX_r
302,86,LSFM-Wu,blue,WHOLE_mouse_Brain_AZ10_SR3B_6_A_647,AUDv,AUD,CTX,AUDv_r,AUD_r,CTX_r
867,1338,LSFM-Wu,blue,WHOLE_mouse_Brain_AZ10_SR3B_6_A_647,COAp,COA,CTX,COAp_l,COA_l,CTX_l
879,1,LSFM-Wu,blue,WHOLE_mouse_Brain_AZ10_SR3B_6_A_647,COAp,COA,CTX,COAp_l,COA_l,CTX_l
927,771,LSFM-Wu,blue,WHOLE_mouse_Brain_AZ10_SR3B_6_A_647,CA2,CA,CTX,CA2_l,CA_l,CTX_l
1408,13334,LSFM-Wu,blue,WHOLE_mouse_Brain_AZ10_SR3B_6_A_647,RT,DORpm,TH,RT_r,DORpm_r,TH_r
1316,3316,LSFM-Wu,blue,WHOLE_mouse_Brain_AZ10_SR3B_6_A_647,0,GENd,TH,0_r,GENd_r,TH_r
1726,278,LSFM-Wu,blue,WHOLE_mouse_Brain_AZ10_SR3B_6_A_647,DT,MBmot,MB,DT_r,MBmot_r,MB_r
1729,6440,LSFM-Wu,blue,WHOLE_mouse_Brain_AZ10_SR3B_6_A_647,0,MBmot,MB,0_l,MBmot_l,MB_l
1535,3803,LSFM-Wu,blue,WHOLE_mouse_Brain_AZ10_SR3B_6_A_647,MM,MBO,HY,MM_l,MBO_l,HY_l
1685,2256,LSFM-Wu,blue,WHOLE_mouse_Brain_AZ10_SR3B_6_A_647,PAG,MBmot,MB,PAG_l,MBmot_l,MB_l
1683,2218,LSFM-Wu,blue,WHOLE_mouse_Brain_AZ10_SR3B_6_A_647,PAG,MBmot,MB,PAG_l,MBmot_l,MB_l
1537,5,LSFM-Wu,blue,WHOLE_mouse_Brain_AZ10_SR3B_6_A_647,MM,MBO,HY,MM_l,MBO_l,HY_l
1728,46,LSFM-Wu,blue,WHOLE_mouse_Brain_AZ10_SR3B_6_A_647,MT,MBmot,MB,MT_r,MBmot_r,MB_r
1730,78614,LSFM-Wu,blue,WHOLE_mouse_Brain_AZ10_SR3B_6_A_647,0,MBmot,MB,0_r,MBmot_r,MB_r
417,12,LSFM-Wu,blue,WHOLE_mouse_Brain_AZ10_SR3B_6_A_647,VISli,VIS,CTX,VISli_l,VIS_l,CTX_l
1539,70,LSFM-Wu,blue,WHOLE_mouse_Brain_AZ10_SR3B_6_A_647,MM,MBO,HY,MM_l,MBO_l,HY_l
1713,138,LSFM-Wu,blue,WHOLE_mouse_Brain_AZ10_SR3B_6_A_647,EW,MBmot,MB,EW_l,MBmot_l,MB_l
1715,189,LSFM-Wu,blue,WHOLE_mouse_Brain_AZ10_SR3B_6_A_647,IV,MBmot,MB,IV_l,MBmot_l,MB_l
1714,731,LSFM-Wu,blue,WHOLE_mouse_Brain_AZ10_SR3B_6_A_647,EW,MBmot,MB,EW_r,MBmot_r,MB_r
1541,716,LSFM-Wu,blue,WHOLE_mouse_Brain_AZ10_SR3B_6_A_647,SUM,MBO,HY,SUM_l,MBO_l,HY_l
1530,212,LSFM-Wu,blue,WHOLE_mouse_Brain_AZ10_SR3B_6_A_647,MM,MBO,HY,MM_r,MBO_r,HY_r
928,251,LSFM-Wu,blue,WHOLE_mouse_Brain_AZ10_SR3B_6_A_647,CA2,CA,CTX,CA2_r,CA_r,CTX_r
336,1568,LSFM-Wu,blue,WHOLE_mouse_Brain_AZ10_SR3B_6_A_647,VISal,VIS,CTX,VISal_r,VIS_r,CTX_r
544,434,LSFM-Wu,blue,WHOLE_mouse_Brain_AZ10_SR3B_6_A_647,0,ORB,CTX,0_r,ORB_r,CTX_r
557,23,LSFM-Wu,blue,WHOLE_mouse_Brain_AZ10_SR3B_6_A_647,0,AI,CTX,0_l,AI_l,CTX_l
543,62,LSFM-Wu,blue,WHOLE_mouse_Brain_AZ10_SR3B_6_A_647,0,ORB,CTX,0_l,ORB_l,CTX_l
26,519,LSFM-Wu,blue,WHOLE_mouse_Brain_AZ10_SR3B_6_A_647,0,MO,CTX,0_r,MO_r,CTX_r
713,3,LSFM-Wu,blue,WHOLE_mouse_Brain_AZ10_SR3B_6_A_647,VISrl,PTLp,CTX,VISrl_l,PTLp_l,CTX_l
291,178,LSFM-Wu,blue,WHOLE_mouse_Brain_AZ10_SR3B_6_A_647,AUDpo,AUD,CTX,AUDpo_l,AUD_l,CTX_l
1009,6,LSFM-Wu,blue,WHOLE_mouse_Brain_AZ10_SR3B_6_A_647,ENTl,ENT,CTX,ENTl_l,ENT_l,CTX_l
293,3,LSFM-Wu,blue,WHOLE_mouse_Brain_AZ10_SR3B_6_A_647,AUDpo,AUD,CTX,AUDpo_l,AUD_l,CTX_l
1529,987,LSFM-Wu,blue,WHOLE_mouse_Brain_AZ10_SR3B_6_A_647,MM,MBO,HY,MM_l,MBO_l,HY_l
403,12,LSFM-Wu,blue,WHOLE_mouse_Brain_AZ10_SR3B_6_A_647,VISpm,VIS,CTX,VISpm_l,VIS_l,CTX_l
338,211,LSFM-Wu,blue,WHOLE_mouse_Brain_AZ10_SR3B_6_A_647,VISal,VIS,CTX,VISal_r,VIS_r,CTX_r
307,7,LSFM-Wu,blue,WHOLE_mouse_Brain_AZ10_SR3B_6_A_647,AUDv,AUD,CTX,AUDv_l,AUD_l,CTX_l
1695,45,LSFM-Wu,blue,WHOLE_mouse_Brain_AZ10_SR3B_6_A_647,NPC,PRT,MB,NPC_l,PRT_l,MB_l
344,30,LSFM-Wu,blue,WHOLE_mouse_Brain_AZ10_SR3B_6_A_647,VISam,VIS,CTX,VISam_r,VIS_r,CTX_r
1013,6,LSFM-Wu,blue,WHOLE_mouse_Brain_AZ10_SR3B_6_A_647,ENTl,ENT,CTX,ENTl_l,ENT_l,CTX_l
1031,217,LSFM-Wu,blue,WHOLE_mouse_Brain_AZ10_SR3B_6_A_647,ENTm,ENT,CTX,ENTm_l,ENT_l,CTX_l
1035,25,LSFM-Wu,blue,WHOLE_mouse_Brain_AZ10_SR3B_6_A_647,0,ENT,CTX,0_l,ENT_l,CTX_l
393,1146,LSFM-Wu,blue,WHOLE_mouse_Brain_AZ10_SR3B_6_A_647,VISpl,VIS,CTX,VISpl_l,VIS_l,CTX_l
392,23,LSFM-Wu,blue,WHOLE_mouse_Brain_AZ10_SR3B_6_A_647,VISpl,VIS,CTX,VISpl_r,VIS_r,CTX_r
